detail_id,detail_title
COR-001-0101,[공통기반] 관리시스템 홈페이지 구축
COR-001-0201,[공통기반] 제조사 지속적 기술지원 기능 개발
COR-001-0301,[공통기반] 시스템 물리적 네트워크 연결 구성
COR-002-0101,[공통기반] 규정 공공기관 데이터베이스 지침 표준화 체계 수립
COR-002-0201,[공통기반] 실무가이드 소프트웨어 보안약점 진단 체계 수립
COR-002-0301,[PMO/QC] 기간 법령 규정 변경 반영 절차 수립
COR-002-0401,[PMO/QC] 규정 문구 용어 해석 수립
COR-002-0501,[PMO/QC] 규정 사업수행 정보통신공사 자격요건 수립
COR-003-0101,[PMO/QC] 사업관리 PMO 품질관리팀 조직 구성
COR-003-0201,[PMO/QC] 규정 절차 관리감독 PMO 이행 계획 수립
COR-003-0301,[PMO/QC] 감리결 지적사항 감리수행 PMO 준비 절차 수립
COR-003-0401,[PMO/QC] 구축결과서 통합대상 검토결 PMO 관리체계 수립
COR-004-0101,[PMO/QC] 표준코드 존재 행정정보데이터베이스 데이터표준화 표준화 체계 수립
COR-004-0201,[PMO/QC] 품질관리 방안 데이터표준화 마련
COR-004-0301,[PMO/QC] 연계절차 정부디렉토리서비스 LDAP 데이터표준화 연계 체계 구축
COR-004-0401,[PMO/QC] 참조 DB설계 분석정보 표준모델 작성 체계 수립
COR-005-0101,[PMO/QC] 제출 기술적용계획 결과표 첨부 검토 절차 수립
COR-006-0101,[PMO/QC] 충실히 이행할 있도록 개인정보보호법 기능 개발
COR-006-0201,[공통기반] 보안 SSL 개인정보보호법 도입
COR-007-0101,[UI/UX] 브라우저 정상적 실행 웹표준 준수 체계 수립
COR-007-0201,[UI/UX] 모바일 전자정부서비스 웹호환성 확보 방안 수립
COR-008-0101,[공통기반] 개발보안 모든 응용소프트웨어 시큐어코딩 기능 개발
COR-009-0101,[UI/UX] 시스템 확장성 유지관리 효율성 확보 방안 수립
COR-009-0201,[UI/UX] 소프트웨어 공통컴포넌트 개발표준 호환성 준수 체계 수립
COR-009-0301,[UI/UX] 접근성 보장 장애인차별금지법 준수 체계 수립
COR-010-0101,[PMO/QC] 데이터 접근 제약사항 DBMS 수립
COR-011-0101,[공통기반] 제조사 지속적 기술지원 개발언어 기능 개발
COR-012-0101,[공통기반] 사업금액 동종 성능 호환 기능 제공
COR-013-0101,[공통기반] 변경 규정 시스템 개발 적용 방안 수립
COR-014-0101,[PMO/QC] 보안기능확인서 만족 제품이어야 암호모듈 검증 체계 수립
DAR-001-0101,[데이터구축및이관] 검증리스트 검증함 데이터 고품질 확보 방안 수립
DAR-001-0201,[데이터구축및이관] 표준코드체계 기초 데이터 입력 적용 방안 수립
DAR-001-0301,[데이터구축및이관] 관리코드 초기 데이터 기초 구축
DAR-002-0101,[데이터구축및이관] 승인요청 표준검토 논리 물리모델 등록 기능 제공
DAR-002-0201,[데이터구축및이관] 고려 데이터 정합성 DB 유지관리 체계 구축
DAR-002-0202,[데이터구축및이관] 자격증 보유자 설계 전문가 검증 체계 수립
DAR-002-0301,[데이터구축및이관] DB 성능 고려 암호화 기능 구현
DAR-002-0401,[데이터구축및이관] 지침 품질관리 DB 설계 준수 체계 수립
DAR-002-0501,[데이터구축및이관] 검토 담당부서 심의 거친 기능 개발
DAR-003-0101,[데이터구축및이관] 분석 정제 관리 무결성 개선 방안 수립
DAR-004-0101,[데이터구축및이관] 정의서 작성 서비스 기능 구현
DAR-004-0201,[데이터구축및이관] 코드표준화 추진 지침 행정안전부고시 준수 체계 수립
DAR-004-0301,[데이터구축및이관] DB설계 공공기관 데이터베이스 지침 표준화 체계 수립
DAR-004-0401,[데이터구축및이관] 설계 데이터 정합성 시스템 유지관리 체계 구축
DAR-004-0501,[데이터구축및이관] 연계데이터 관리 상호운용성 데이터타입 확보 방안 수립
DAR-004-0601,[데이터구축및이관] 데이터베이스 표준화 지침 메타데이터 표준 수립
DAR-004-0701,[데이터구축및이관] 파일 API 생성 현행화 지원 체계 구축
DAR-004-0801,[데이터구축및이관] 데이터베이스 지침 데이터표준화 점검 체계 수립
DAR-004-0802,[데이터구축및이관] DB 구조 변경 업데이트 지원 체계 구축
DAR-005-0101,[데이터구축및이관] 성능 유지 품질관리 DB설계 제시
DAR-005-0201,[데이터구축및이관] 반정규화 Index설계 SQL 최적화 방안 수립
DAR-005-0301,[데이터구축및이관] 대량 배치데이터 집계성 DB설계 활용 체계 구축
DAR-005-0401,[데이터구축및이관] DB설계 튜닝 전문인력 투입 수립
DAR-006-0101,[데이터구축및이관] 시범운영 데이터 초기자료 구축
DAR-007-0101,[데이터구축및이관] 특성 고려 초기자료 구축
DAR-008-0101,[데이터구축및이관] 감사지원 데이터 대상시스템 이행대상 조정 체계 수립
DAR-008-0102,[데이터구축및이관] 개인자료 데이터 대상시스템 이행대상 조정 체계 수립
DAR-009-0101,[데이터구축및이관] 이관 계획 분석단계 분석 체계 구축
DAR-010-0101,[데이터구축및이관] 목표시스템 기술적 이관 준비 구성
DAR-010-0201,[데이터구축및이관] 정비 정제 데이터 이관대상 이관 절차 수립
DAR-010-0301,[데이터구축및이관] 관리적 물리적 기술적 보안대책 제시
DAR-011-0101,[데이터구축및이관] 매핑정보 메타데이터 관리시스템 프로그램 등록 기능 제공
DAR-011-0201,[데이터구축및이관] 개발환경 매핑정보 메타데이터 관리시스템 등록 기능 제공
DAR-012-0101,[데이터구축및이관] 이관 메타데이터 시스템 프로그램 관리체계 수립
DAR-012-0201,[데이터구축및이관] 생성 테이블간 정합성 유지 구축
DAR-012-0301,[데이터구축및이관] 검증 테스트 결과보고서 제출 절차 수립
DAR-013-0101,[데이터구축및이관] 1단계 내부 행정업무 테스트 이관 절차 수립
DAR-013-0201,[데이터구축및이관] 문서 속성 메타데이터 이관 절차 수립
DAR-013-0301,[데이터구축및이관] 단계별 결과보고서 제출 이관 절차 수립
DAR-014-0101,[데이터구축및이관] 적합하게 이관되었는지 검증 데이터 이관 절차 수립
DAR-015-0101,[데이터구축및이관] 이관 상황 모니터링할 제시
DAR-015-0201,[데이터구축및이관] 로딩속 향상 정보 모니터링 검증 체계 수립
DAR-015-0301,[데이터구축및이관] 품질오류 원인분석 실시 개선방안 수립
DAR-015-0401,[데이터구축및이관] 추가이관 정보변경 방안 모니터링 지원 체계 구축
DAR-015-0501,[데이터구축및이관] 재이관 보정 모니터링 수립
DAR-016-0101,[데이터구축및이관] 지속적 모니터 데이터 정합성 점검 체계 수립
DAR-016-0201,[데이터구축및이관] 백업 기능 구현할 있도록 지원 체계 구축
DAR-016-0301,[데이터구축및이관] 대량 데이터 업로드 복구 관리체계 수립
DAR-016-0401,[데이터구축및이관] 데이터 백업 복구 보안사 수립
DAR-017-0101,[데이터구축및이관] 기록관리정보 6개 영역 37개 구성
ECR-001-0101,[PMO/QC] 공인 제출 신규 장비도입 도입
ECR-002-0101,[PMO/QC] 요건 소프트웨어 설치 커스터마이징 구축
ECR-003-0101,[PMO/QC] 차세대 요건 소프트웨어 설치 구축
ECR-004-0101,[PMO/QC] OASYS 요건 소프트웨어 설치 구축
ECR-005-0101,[PMO/QC] DB 서버 설치 데이터베이스 운영 체계 수립
ECR-006-0101,[PMO/QC] Directory 정보 계정 권한 관리체계 수립
ECR-007-0101,[PMO/QC] OS 요건 HW 설치 구성
ECR-008-0101,[PMO/QC] RAW CLOB BLOB 제약조건 적용 방안 수립
ECR-009-0101,[PMO/QC] 검색엔진 인사시스템 SSO 법령정보 연동 기능 제공
ECR-010-0101,[PMO/QC] 도입 OS 요건 HW 구성
ECR-011-0101,[전자결재/메신저] 사무관리규정 인증제품 행정업무 그룹웨어 운영 체계 수립
ECR-012-0101,[PMO/QC] 100명 서버실 여건 작업 구축
INR-001-0101,[PMO/QC] 온라인 서식 정보 인터페이스 기능 제공
INR-001-0102,[PMO/QC] 모양이나 배치 이해 쉽게 구성
INR-001-0201,[PMO/QC] 시스템 메뉴 접근 인터페이스 제시
INR-001-0202,[PMO/QC] 직관적 인터페이스 제공 화면 구성
INR-001-0203,[PMO/QC] 단위 사이트별 바로가기 인터페이스 기능 제공
INR-002-0101,[PMO/QC] 이용할 있도록 도움말 체계적 구성
INR-002-0102,[PMO/QC] 지속적 현행화할 온라인 절차서 제시
INR-002-0201,[PMO/QC] 쉽게 파악할 Site Map 구성
INR-002-0202,[PMO/QC] 클릭하면 연결 있도록 절차서 기능 구현
INR-003-0101,[UI/UX] 고정 팝업 편의성 관점 구성
INR-004-0101,[UI/UX] 1080해상 권장기준 27인치 까지 지원 체계 구축
INR-005-0101,[UI/UX] 수평스크롤 사용하지 설계 출력용 조회 기능 제공
INR-006-0101,[PMO/QC] 저장 수행활동 메시지 제공하되 표준 수립
INR-006-0102,[PMO/QC] 오류 발생 알람 메시지 기능 제공
INR-006-0103,[PMO/QC] 정보 게시할 메시지 결과 기능 제공
INR-007-0101,[UI/UX] 시스템 통일성 부여 UI 구성
INR-008-0101,[PMO/QC] 오작동 목표시스템 설계 멀티브라우저 구축
INR-008-0201,[PMO/QC] 멀티플랫폼 멀티브라우저 지원 편의성 수립
INR-009-0101,[PMO/QC] 어플리케이션 실행시간 데이터연계 인터페이스 설정
INR-010-0101,[PMO/QC] 시스템 데이터 송수신 모듈 연계 체계 구축
INR-011-0101,[PMO/QC] File2File HTTP SOAP 프로토콜 변환 체계 구축
INR-012-0101,[데이터구축및이관] 검증 행정정보 연계데이터 정합성 연계 체계 구축
INR-013-0101,[PMO/QC] 기능수행 정확도 검증 연계방안 운영 체계 수립
INR-014-0101,[PMO/QC] 발생 오류메시지 기능 제공
PER-001-0101,[공통기반] 관리자 관점 구분 성능 운용 체계 수립
PER-001-0201,[공통기반] 고려 개발 시스템 성능 제시
PER-002-0101,[공통기반] 처리 대해서 대량 데이터건 조회 기능 제공
PER-003-0101,[공통기반] 데이터 처리에 적용되지 프로그램 배치 계획 수립
PER-004-0101,[공통기반] 시간 3초 완전히 표출 등록 기능 제공
PER-005-0101,[공통기반] 인지 즉시 조치할 있도록 작성 체계 수립
PER-006-0101,[공통기반] 중요 정보 노출되지 화면 구성
PER-007-0101,[공통기반] 결과 읽고 의미 500명 지원 체계 구축
PER-008-0101,[공통기반] 동시처리능력 초기 100건 입력기능 수립
PER-009-0101,[공통기반] 실시 진단결과 개선사항 대응책 수립
PMR-001-0101,[PMO/QC] 일정관리 자원관리 형상관리 프로젝트 관리체계 수립
PMR-002-0101,[PMO/QC] 프로토타이핑 식별 사업수행계획서 프로토타입 제시
PMR-003-0101,[PMO/QC] 정기 회의체 일정관리 운영 체계 수립
PMR-004-0101,[PMO/QC] 직접 참여하였거나 유사 프로젝트 기능 개발
PMR-005-0101,[PMO/QC] 사업관리자 주제안사 전문인력이어야 수립
PMR-006-0101,[PMO/QC] 협조체계 유지할 있도록 수행조직 구성
PMR-007-0101,[PMO/QC] 불가항력 사유 인력 교체 승인 절차 수립
PMR-008-0101,[PMO/QC] 수행할 있도록 지원 자문조직 구성
PMR-009-0101,[PMO/QC] 개선사항 발생하였 대비 시스템 기능 개발
PMR-010-0101,[PMO/QC] 빠짐없 관리 비기능 분석 체계 구축
PMR-011-0101,[PMO/QC] 검사기준 시스템 모두 반영률 반영 절차 수립
PMR-011-0201,[PMO/QC] 불가항력 인한 미조치 반영률 승인 절차 수립
PMR-012-0101,[PMO/QC] 제품 데이터 완전 삭제 승인 절차 수립
PMR-013-0101,[PMO/QC] 사용법 데이터 프로세스 산출물 갱신 체계 구축
PMR-013-0201,[PMO/QC] 완료보고서 하자보수계획서 산출물 상호 조정 체계 수립
PMR-013-0301,[PMO/QC] 소프트웨어 설치 제거 산출물 기능 제공
PMR-013-0401,[PMO/QC] 산출물 목록 테일러링 관리 작성 체계 수립
PMR-014-0101,[PMO/QC] 지속적 활동 품질보증계획 수립
PMR-015-0101,[PMO/QC] 긴밀 협조체계 이루어 유기적 구축
PMR-016-0101,[PMO/QC] 사업수행계획서 정의서 요구내용 검사 적용 방안 수립
PMR-017-0101,[PMO/QC] 기록 보안담당자 인가하지 비인가자 기능 제공
PMR-018-0101,[PMO/QC] 금지 정보시스템 반출할 정보보안담당관 통제 체계 수립
PMR-019-0101,[PMO/QC] 상세히 주제안사 공동 수급 운영 체계 수립
PMR-020-0101,[PMO/QC] 관리방안 행정기관 공공기관 정보시스템 구축
PMR-021-0101,[PMO/QC] 사용범위 구별 방법론 정보시스템 기능 개발
PMR-022-0101,[PMO/QC] 체계적 전자정부지원사업 사업관리방안 준수 체계 수립
PMR-023-0101,[PMO/QC] 단계별 추진일정 활동 일정계획 기능 개발
PMR-024-0101,[PMO/QC] 상세화 과정 리스크 위험관리 관리체계 수립
PMR-025-0101,[PMO/QC] 진척사항 특이사항 기록 업무일지 작성 체계 수립
PMR-026-0101,[PMO/QC] 사업진행 비정기적 보고방안 수시보 제시
PMR-027-0101,[PMO/QC] 시스템 연계기관 업무협 진행방안 제시
PMR-028-0101,[데이터구축및이관] 99 실현 품질수준 목표 제시
PMR-028-0201,[데이터구축및이관] 데이터베이스구축방법론 3단계 품질검사 품질수준 준수 체계 수립
PMR-029-0101,[공통기반] 직접구매 총괄관리 통합테스트 통합운영방안 수립
PMR-030-0101,[PMO/QC] 사업수행계획서 변경관리서 일치하지 지체없 보완 방안 수립
PMR-031-0101,[PMO/QC] 시건장치 정보화사업 중요자료 비공개자료 수립
PSR-001-0101,[PMO/QC] 이후 6개월 동안 가동상태 모니터링 체계 구축
PSR-002-0101,[PMO/QC] 해결 안정성 신뢰성 하자보수 확보 방안 수립
PSR-003-0101,[PMO/QC] 운영자 일반사용자 교육자료 작성 체계 수립
PSR-004-0101,[공통기반] 구성방법 장애 대처방법 기술이전 운영 체계 수립
PSR-005-0101,[공통기반] 한국소프트웨어산업협회 SW사업 대가산정 기능점수 구축
PSR-006-0101,[PMO/QC] 평가기관 영향평가 의뢰 결과 제출 절차 수립
PSR-007-0101,[공통기반] 점검 조치사항 시스템 보안취약성 구축
PSR-008-0101,[공통기반] 정보자원 관리 현행정보 현행화 기능 제공
PSR-009-0101,[PMO/QC] 사업수행계획서 SW사업정보 작성 체계 수립
PSR-010-0101,[공통기반] 취약점 대체방안 해결안 마련 기능 제공
PSR-011-0101,[공통기반] 작성 취약점진단 모의해킹 결과물 제출 절차 수립
PSR-012-0101,[PMO/QC] 관리시스템 완료 이전설치 등록 기능 제공
PSR-013-0101,[PMO/QC] 이전 미처리 장애현황 자동 등록 기능 제공
QUR-001-0101,[PMO/QC] 매일 24시간 동안 무중단 운영 체계 수립
QUR-002-0101,[PMO/QC] 기술 체계적 효과적 프로젝트 진행 계획 수립
QUR-003-0101,[PMO/QC] 제안서 사업수행계획서 과업내용서 신뢰성 분석 체계 구축
QUR-004-0101,[PMO/QC] 오류 방지 통제방안 장애발생 반영 절차 수립
QUR-005-0101,[PMO/QC] 원칙적 금지 불가피할 프로그램 보고 체계 수립
QUR-006-0101,[PMO/QC] 관리자 문서 프로그램 사용성 기능 제공
QUR-007-0101,[PMO/QC] 시스템 제공되기 모두 변경관리 기능 제공
QUR-008-0101,[PMO/QC] 말함 로부터 1년 하자보수 운영 체계 수립
QUR-009-0101,[PMO/QC] 성능 발생 패치 하자보수 기능 제공
QUR-010-0101,[PMO/QC] 목표 시스템간 무결성 상호운용성 확보 방안 수립
SER-001-0101,[공통기반] Network Security Framework 보안 준용 기준 마련
SER-002-0101,[공통기반] 인증정보 패스워드 보안 수립
SER-002-0102,[공통기반] 인증 표준 로그인 수립
SER-002-0103,[공통기반] 비밀번호 보안정책 인증 준수 체계 수립
SER-002-0104,[공통기반] 전자인증정보 키값 파라미터 수립
SER-002-0105,[공통기반] 유휴계정 관리 인증 기능 제공
SER-002-0106,[공통기반] 제한 계정 잠금 인증 기능 구현
SER-002-0107,[공통기반] 인증 다수 정보시스템 로그인하지 수립
SER-002-0108,[공통기반] 인증 3개월 정보시스템 로그인하지 수립
SER-002-0109,[공통기반] 분실 임시비밀번호 인증 생성 기능 제공
SER-002-0110,[공통기반] 인증 임시비밀번호 자동제공 수립
SER-002-0201,[공통기반] 인증정보 로그인 계정 기능 제공
SER-002-0301,[공통기반] 인증서 로그인 모바일공무원증 기능 제공
SER-002-0302,[공통기반] USB토큰 HSM 다양 저장매체 지원 체계 구축
SER-002-0303,[공통기반] 입력받아 DB 저장 정보 조회 기능 제공
SER-003-0101,[공통기반] 시스템간 SSO 통합인증 기능 구현
SER-004-0101,[공통기반] 여부 설정할 있도록 사용자계정 관리체계 수립
SER-004-0201,[공통기반] 보관 인증정보 올바른 사용자계정 활용 체계 구축
SER-005-0101,[공통기반] 조치방안 행정기관 공공기관 정보시스템 구축
SER-006-0101,[공통기반] 개인정보보호 비밀번호 생년월일 수립
SER-006-0201,[공통기반] 시행령 시행규칙 지침 개인정보보호 준수 체계 수립
SER-006-0301,[공통기반] 자동 화면차단 로그아웃 되도록 기능 제공
SER-006-0401,[공통기반] 메뉴 접근기록 관리 개인정보보호 기능 제공
SER-006-0402,[공통기반] 조회기록 상세내역 개인정보보호 기능 제공
SER-006-0403,[공통기반] 접근기록 통계 개인정보보호 조회 기능 제공
SER-006-0404,[공통기반] 기재 시스템 관리자 개인정보보호 기능 제공
SER-006-0501,[공통기반] 선택사항 필수사항 구분 개인정보보호 관리체계 수립
SER-006-0601,[공통기반] 접근이력 개인정보보호 관리 관리체계 수립
SER-006-0701,[공통기반] 개인정보보호 관리자인 화면 노출시키지 수립
SER-006-0801,[PMO/QC] 결과 대해서 주사업자 통합사업자 구축
SER-006-0901,[공통기반] 개발서버 시험운영 개인정보 모의데이터 추출 기능 제공
SER-007-0101,[PMO/QC] 데이터베이스 관리자 허가 득한 관리체계 수립
SER-008-0101,[공통기반] 통신 구간 암호화 무결성 기능 제공
SER-009-0101,[공통기반] 암호화 정보시스템 로그인 정보통신망 전송 체계 구축
SER-010-0101,[공통기반] 데몬 구동 조정 국가정보자원관리원 기능 제공
SER-011-0101,[공통기반] 연동 보안 연계서버 업무서버 수립
SER-012-0101,[공통기반] XML암호화 WS Security SAML 적용 방안 수립
SFR-AA-001-0101,[디지털감사] 감사원내 위원회 의사진행 AGORA 진행 계획 수립
SFR-AA-001-0102,[디지털감사] 관리할 있도록 의제 AGORA 등록 기능 제공
SFR-AA-001-0103,[디지털감사] 있도록 등재 의사진행 AGORA 기능 제공
SFR-AA-001-0104,[디지털감사] 관리할 있도록 의사진행 AGORA 검토 절차 수립
SFR-AA-001-0105,[디지털감사] 비정기 일정관리 회의장내 영상 연계 체계 구축
SFR-AA-001-0106,[디지털감사] 의사진행 AGORA 관리 아키텍처 수립
SFR-AA-001-0107,[디지털감사] 감사유형별 특성 의사진행 AGORA 기능 제공
SFR-AA-001-0201,[디지털감사] 정보 실시간 의사진행시스템 AGORA 기능 제공
SFR-BA-001-0101,[디지털감사] 설정 있으며 연간감사계획 카테고리 수립
SFR-BA-001-0201,[디지털감사] 카테고리 기간 변경내용 이력 관리체계 수립
SFR-BA-001-0301,[디지털감사] 분야 목표치 임계치 카테고리 기능 제공
SFR-BA-002-0101,[디지털감사] 연간감사계획 실무부서 가이드 기획담당관실 작성 체계 수립
SFR-BA-002-0201,[디지털감사] 연간감사계획 조정 확정 수립
SFR-BA-002-0301,[디지털감사] 연간감사계획 중점분야 카테고리 관리 수립
SFR-BA-002-0401,[디지털감사] 선택사항 감사계획 입력 대상기관 조회 기능 제공
SFR-BA-002-0501,[디지털감사] 결재 기획실 취합 연간감사계획 기능 제공
SFR-BA-002-0601,[디지털감사] 부서별 지표별 주요항목별 통계 기능 제공
SFR-BA-002-0701,[디지털감사] 연간감사계획 감사위원회 확정 과정 반영 절차 수립
SFR-BA-002-0801,[디지털감사] 작성 연간감사계획 공개문 구분 관리체계 수립
SFR-BA-003-0101,[디지털감사] 반기 분기 월감사계획 수립
SFR-BA-003-0102,[디지털감사] 삭제 작성할 반기 감사계획 기능 제공
SFR-BA-003-0103,[디지털감사] 진행 변경사항 조회할 감사계획 기능 제공
SFR-BA-003-0104,[디지털감사] 결재 상신 확정 감사계획 기능 제공
SFR-BA-003-0201,[디지털감사] 분기 리비전 반기 감사계획 생성 기능 제공
SFR-BA-004-0101,[디지털감사] 중점분야 카테고리별 진행관리 감사계획 기능 제공
SFR-BA-004-0102,[디지털감사] 건수 건별 감사계획 조회 기능 제공
SFR-BA-004-0103,[디지털감사] 대비 실적 비교 감사계획 기능 제공
SFR-BA-004-0104,[디지털감사] 비교 분석 모니터링할 감사계획 기능 제공
SFR-BA-004-0201,[디지털감사] 년중 반기 분기 월계획 수립
SFR-BA-005-0101,[디지털감사] 종류 기관정기감사 종합감사형 기능 제공
SFR-BA-005-0201,[디지털감사] 프로세스 유형 국민감사청구 기능 제공
SFR-BA-005-0202,[디지털감사] 기준 관리 국제기구감사 수립
SFR-BA-005-0301,[디지털감사] 감사 프로세스 유형 일반 기능 제공
SFR-BA-005-0302,[디지털감사] 프로세스 유형 실지감사 기능 제공
SFR-BA-005-0303,[디지털감사] 일반 프로세스 유형 실지감사 기능 제공
SFR-BA-005-0304,[디지털감사] 감사결 프로세스 유형 실지감사 기능 제공
SFR-BA-005-0305,[디지털감사] 프로세스 유형 감사위원회 기능 제공
SFR-BA-005-0306,[디지털감사] 감사 프로세스 유형 사후관리 기능 제공
SFR-BA-005-0307,[디지털감사] 감사 프로세스 유형 이행관리 기능 제공
SFR-BA-005-0401,[디지털감사] 연구과제 관리나 SI업체 프로젝트 관리체계 수립
SFR-BA-005-0501,[디지털감사] 감사팀내 권한관리 단위업무 분석 체계 구축
SFR-BA-005-0601,[디지털감사] 입력 정상 여부 감사 검사 체계 구축
SFR-BA-006-0101,[디지털감사] 자료수집 과정 관리할 감사계획 기능 제공
SFR-BA-006-0102,[디지털감사] 개별 감사계획 감사실시 수립
SFR-BA-006-0103,[디지털감사] 자료수집계획서 개별 감사계획 작성 체계 수립
SFR-BA-006-0104,[디지털감사] 자료 개별 감사계획 수집 체계 구축
SFR-BA-006-0105,[디지털감사] 자료 등록 개별 감사계획 수집 체계 구축
SFR-BA-006-0106,[디지털감사] 수집 결과보고서 작성 감사계획 지원 체계 구축
SFR-BA-006-0107,[디지털감사] 제공하되 특히 예상 문제점 등록 기능 제공
SFR-BA-006-0108,[디지털감사] 문제점 향후 실지감사 감사계획 연계 체계 구축
SFR-BA-006-0109,[디지털감사] 결재 기획담당관실 검토 감사계획 확인 절차 수립
SFR-BA-006-0110,[디지털감사] 통합관리 예비관리번호 개별 감사계획 생성 기능 제공
SFR-BA-006-0111,[디지털감사] 서식 데이터연계 개별 감사계획 기능 제공
SFR-BA-007-0101,[디지털감사] 일정 출장내역 자료 실지감사 수집 체계 구축
SFR-BA-007-0201,[디지털감사] 이전부서 생산 전체문서 실지감사 열람 기능 제공
SFR-BA-007-0301,[디지털감사] 결재 받아 문서 실지감사 기능 제공
SFR-BA-007-0401,[디지털감사] 변경 후속처리 절차 실지감사 기능 제공
SFR-BA-008-0101,[디지털감사] 미지정 모두 자료요구 제출 기능 제공
SFR-BA-008-0102,[디지털감사] 감사팀 공유 저장공간 자료요구 등록 기능 제공
SFR-BA-008-0103,[디지털감사] 파일 대해서 SHA256 해시값 기능 제공
SFR-BA-008-0201,[디지털감사] 공유 담당자 재지정 자료요구 기능 제공
SFR-BA-008-0301,[디지털감사] 자동 파기 자료요구 제출 기능 제공
SFR-BA-009-0101,[디지털감사] 양식 작성 문서 결재 발송 기능 제공
SFR-BA-009-0201,[디지털감사] 제출 감사자료 전자감사관리시스템 정보관리 관리체계 수립
SFR-BA-009-0301,[디지털감사] 담당자 재지정 정보관리 기능 제공
SFR-BA-010-0102,[디지털감사] 현장감사 진행관리 출석 답변 수립
SFR-BA-010-0103,[디지털감사] 현장감사 진행관리 감사협조 수립
SFR-BA-010-0104,[디지털감사] 현장감사 진행관리 확인 절차 수립
SFR-BA-010-0105,[디지털감사] 금고 현장감사 진행관리 검사 체계 구축
SFR-BA-010-0106,[디지털감사] 현장감사 진행관리 봉인 수립
SFR-BA-010-0107,[디지털감사] 현장감사 진행관리 증거보존 조치 수립
SFR-BA-010-0108,[디지털감사] 금융거래정보 현장감사 진행관리 제출 절차 수립
SFR-BA-010-0109,[디지털감사] 등록재산 현장감사 진행관리 조회 기능 제공
SFR-BA-010-0110,[디지털감사] 현장감사 진행관리 마감 수립
SFR-BA-010-0101,[디지털감사] 문서 생성 작성 현장감사 관리체계 수립
SFR-BA-010-0201,[디지털감사] 답변 문서 생성 작성 관리체계 수립
SFR-BA-010-0301,[디지털감사] 감사협조 문서 생성 작성 관리체계 수립
SFR-BA-010-0401,[디지털감사] 현장 문서 생성 작성 관리체계 수립
SFR-BA-010-0501,[디지털감사] 검사 문서 생성 작성 관리체계 수립
SFR-BA-010-0601,[디지털감사] 봉인 문서 생성 작성 관리체계 수립
SFR-BA-010-0701,[디지털감사] 증거보존 문서 생성 작성 관리체계 수립
SFR-BA-010-0801,[디지털감사] 제출 문서 생성 작성 관리체계 수립
SFR-BA-010-0901,[디지털감사] 등록재산 문서 생성 작성 관리체계 수립
SFR-BA-010-1001,[디지털감사] 회의 문서 생성 작성 관리체계 수립
SFR-BA-010-1101,[디지털감사] 연관 내역 정보 현장감사 관리체계 수립
SFR-BA-010-1102,[디지털감사] 현장감사 진행관리 정보관리 감사관 수립
SFR-BA-010-1103,[디지털감사] 현장감사 진행관리 정보관리 문서 수립
SFR-BA-010-1201,[디지털감사] 상황 감사단장 보고할 현장감사 기능 제공
SFR-BA-010-1301,[디지털감사] 통보 정보 현장감사 진행관리 기능 제공
SFR-BA-011-0102,[디지털감사] 현장감사 서류 관리 질문서 수립
SFR-BA-011-0103,[디지털감사] 현장감사 서류 관리 답변서 수립
SFR-BA-011-0104,[디지털감사] 현장감사 서류 관리 문답서 수립
SFR-BA-011-0101,[디지털감사] 증거서류 방안 현장감사 관리체계 수립
SFR-BA-011-0201,[디지털감사] 내역 정보 현장감사 서류 관리체계 수립
SFR-BA-011-0202,[디지털감사] 통보 내역 정보 현장감사 관리체계 수립
SFR-BA-011-0203,[디지털감사] 내역 정보 현장감사 서류 제시
SFR-BA-011-0204,[디지털감사] 채권보전 내역 정보 현장감사 제시
SFR-BA-011-0205,[디지털감사] 직무정지 내역 정보 현장감사 제시
SFR-BA-011-0301,[디지털감사] 단계별 면책 신청 의한 검토 절차 수립
SFR-BA-011-0302,[디지털감사] 결과 입력 현장감사 서류 기능 제공
SFR-BA-012-0101,[디지털감사] 처리 결과보고서 작성 감사결 지원 체계 구축
SFR-BA-012-0102,[디지털감사] 감사계획 대비 정리 보고서 작성 체계 수립
SFR-BA-012-0103,[디지털감사] 감사결 보고 처리 직무역량모니터링 수립
SFR-BA-012-0104,[디지털감사] 개별사건 처리안 처분요구안 감사결 작성 체계 수립
SFR-BA-012-0105,[디지털감사] 감사결 보고 처리 적극행정면책 수립
SFR-BA-012-0201,[디지털감사] 작성 조사개시통보 등에서 감사결 관리체계 수립
SFR-BA-012-0202,[디지털감사] 선택 공개문 작성 감사결 기능 제공
SFR-BA-012-0203,[디지털감사] 입력 정상 매핑여부 검증 기능 제공
SFR-BA-012-0204,[디지털감사] 법률지원 기능 감사지원 감사결 연계 체계 구축
SFR-BA-012-0301,[디지털감사] 편집기 증거서류 시스템 감사결 등록 기능 제공
SFR-BA-013-0101,[디지털감사] 최고의사결정 기구인 감사위원회 부의 준비 절차 수립
SFR-BA-013-0102,[디지털감사] 주심위원 선정 감사위원회 검토 절차 수립
SFR-BA-013-0103,[디지털감사] 감사위원회 소위원회 수립
SFR-BA-013-0104,[디지털감사] 감사위원회 주심위원 직권 심리 수립
SFR-BA-013-0105,[디지털감사] 부의안 요약서 감사위원회 작성 체계 수립
SFR-BA-013-0106,[디지털감사] 감사위원회 수립
SFR-BA-013-0107,[디지털감사] 감사위원회 수정 수립
SFR-BA-013-0108,[디지털감사] 변경대조표 감사위원회 작성 체계 수립
SFR-BA-013-0201,[디지털감사] 감사위원회의 의사진행시스템 구축 운영 체계 수립
SFR-BA-014-0101,[디지털감사] 사후처리단계 시행문 감사결 사후관리 작성 체계 수립
SFR-BA-014-0102,[디지털감사] 감사결 사후처리단계 업무 사후관리 지원 체계 구축
SFR-BA-014-0103,[디지털감사] 사후처리단계 공개문 감사결 사후관리 작성 체계 수립
SFR-BA-014-0104,[디지털감사] 성과관리 관리할 있도록 사후관리 구성
SFR-BA-014-0201,[디지털감사] 쪽지 팝업 메시지 사후관리 전송 체계 구축
SFR-BA-015-0101,[디지털감사] 특히 공공감사 입력 이행관리 이행 계획 수립
SFR-BA-015-0201,[디지털감사] 처분요구 보고서 증거서류 이행관리 공유 체계 구축
SFR-BA-015-0301,[디지털감사] 입증 연계 처리 이행관리 관리체계 수립
SFR-BA-016-0101,[디지털감사] 검토 과정 업무지원 감사청구 기능 제공
SFR-BA-016-0102,[디지털감사] 국민감사청구 담당부서 배정 기능 제공
SFR-BA-016-0103,[디지털감사] 국민감사청구 선람전 작성 기능 제공
SFR-BA-016-0104,[디지털감사] 국민감사청구심사위원회 등록 기능 제공
SFR-BA-016-0105,[디지털감사] 결정 실지감사 실시 감사청구 기능 제공
SFR-BA-016-0106,[디지털감사] 국민감사청구 감사결 통보 기능 제공
SFR-BA-016-0107,[디지털감사] 처리 과정 업무지원 감사청구 기능 제공
SFR-BA-016-0201,[디지털감사] 공익감사청구 청구접수 검토 기능 제공
SFR-BA-016-0202,[디지털감사] 공익감사청구 담당부서 배정 기능 제공
SFR-BA-016-0203,[디지털감사] 공익감사청구 선람전 작성 기능 제공
SFR-BA-016-0204,[디지털감사] 공익감사청구 공익감사자문위원회 실시 기능 제공
SFR-BA-016-0205,[디지털감사] 실시 여부 감사처리 감사청구 기능 제공
SFR-BA-016-0206,[디지털감사] 통보 업무 지원 감사청구 기능 제공
SFR-BA-016-0207,[디지털감사] 부패행위 청탁금지 업무프로세스 감사청구 통합 관리체계 구축
SFR-BA-016-0208,[디지털감사] 모듈화 표준 프로세스 감사청구 연계 체계 구축
SFR-BA-016-0209,[디지털감사] 공익감사청구 처리 과정 업무지원 기능 제공
SFR-BA-016-0301,[디지털감사] 처리내용 다양 조건 감사청구 제시
SFR-BA-016-0401,[디지털감사] 감사 청구 접수 처리 기능 제공
SFR-BA-017-0101,[디지털감사] 검토 과정 기능 감사제보 지원 체계 구축
SFR-BA-017-0102,[디지털감사] 감사제보 배부 기능 제공
SFR-BA-017-0103,[디지털감사] 감사제보 실지조사 접수 기능 제공
SFR-BA-017-0104,[디지털감사] 위탁 조사 관리 감사제보 기능 제공
SFR-BA-017-0105,[디지털감사] 감사제보 이첩 기능 제공
SFR-BA-017-0106,[디지털감사] 권익위 이송 관리 감사제보 기능 제공
SFR-BA-017-0107,[디지털감사] 감사제보 처리일수 연장관리 기능 제공
SFR-BA-017-0108,[디지털감사] 감사제보 증거서류 등록 기능 제공
SFR-BA-017-0109,[디지털감사] 조사결 보고서 작성 감사제보 기능 제공
SFR-BA-017-0110,[디지털감사] 감사제보 실지감사 검토 기능 제공
SFR-BA-017-0111,[디지털감사] 감사제보 시행문 작성 기능 제공
SFR-BA-017-0112,[디지털감사] 감사제보 처리 기능 제공
SFR-BA-017-0201,[디지털감사] 추적 관리할 양식 감사제보 기능 제공
SFR-BA-017-0301,[디지털감사] 처리내용 다양 조건 감사제보 기능 제공
SFR-BA-018-0101,[디지털감사] 심사청구 업무 처리 우편공문 기능 제공
SFR-BA-018-0102,[디지털감사] 업무 처리 선람 심사청구 기능 제공
SFR-BA-018-0103,[디지털감사] 업무 처리 배정 심사청구 기능 제공
SFR-BA-018-0104,[디지털감사] 업무 처리 검토 심사청구 기능 제공
SFR-BA-018-0105,[디지털감사] 처리안 작성 심사청구 기능 제공
SFR-BA-018-0106,[디지털감사] 주심위원 지정 검토 심사청구 기능 제공
SFR-BA-018-0107,[디지털감사] 업무 처리 소위원회 심사청구 기능 제공
SFR-BA-018-0108,[디지털감사] 업무 처리 감사위원회 심사청구 기능 제공
SFR-BA-018-0109,[디지털감사] 결정문 작성 수정 심사청구 기능 제공
SFR-BA-018-0110,[디지털감사] 처리 시행문 작성 심사청구 기능 제공
SFR-BA-018-0111,[디지털감사] 업무 처리 이행관리 심사청구 기능 제공
SFR-BA-018-0201,[디지털감사] 업무 지원 추적관리 심사청구 기능 제공
SFR-BA-018-0202,[디지털감사] 심사청구 기각 기능 제공
SFR-BA-018-0203,[디지털감사] 심사청구 추적관리할 기능 제공
SFR-BA-018-0301,[디지털감사] 처리 내역 정보 심사청구 연계 체계 구축
SFR-BA-018-0401,[디지털감사] 심사유보 처리 심사청구 기능 제공
SFR-BA-018-0501,[디지털감사] 다양 조건 검색 심사청구 기능 제공
SFR-BA-019-0101,[디지털감사] 처리 업무 지원 재심 기능 제공
SFR-BA-019-0102,[디지털감사] 업무 지원 선람 재심 기능 제공
SFR-BA-019-0103,[디지털감사] 업무 지원 배정 재심 기능 제공
SFR-BA-019-0104,[디지털감사] 업무 지원 검토 재심 기능 제공
SFR-BA-019-0105,[디지털감사] 원처분 의견 조회 재심 기능 제공
SFR-BA-019-0106,[디지털감사] 재심의 업무 지원 검토 기능 제공
SFR-BA-019-0107,[디지털감사] 업무 지원 소위원회 재심 기능 제공
SFR-BA-019-0108,[디지털감사] 지원 주심위원 지정 재심 기능 제공
SFR-BA-019-0109,[디지털감사] 업무 지원 감사위원회 재심 기능 제공
SFR-BA-019-0110,[디지털감사] 지원 결정문 작성 재심 기능 제공
SFR-BA-019-0111,[디지털감사] 시행문 작성 발송 재심 기능 제공
SFR-BA-019-0112,[디지털감사] 공개문 작성 게시 재심 기능 제공
SFR-BA-019-0113,[디지털감사] 지원 이행관리팀 송부 재심 기능 제공
SFR-BA-019-0114,[디지털감사] 재심 연계 접수 공공감사시스템 기능 제공
SFR-BA-019-0201,[디지털감사] 권한관리 보고서 기능 재심 공유 체계 구축
SFR-BA-019-0202,[디지털감사] 내역 해당기관 통보 재심 기능 제공
SFR-BA-019-0203,[디지털감사] 상황 처리기 재산정 재심 기능 제공
SFR-BA-019-0301,[디지털감사] 다양 조건 검색 재심 기능 제공
SFR-BA-020-0101,[디지털감사] 문서관리 이용 수기 청원24 관리체계 수립
SFR-BA-020-0102,[디지털감사] 연계 접수 처리 청원24 기능 제공
SFR-BA-020-0201,[디지털감사] 내부 결재 온나라 청원24 연계 체계 구축
SFR-BA-020-0301,[디지털감사] 정보 상호 온라인 청원24 기능 제공
SFR-BA-021-0101,[디지털감사] 사업성 검토 제안관리 국제기구감사 기능 제공
SFR-BA-021-0102,[디지털감사] 계약관리 실시 국제기구감사 기능 제공
SFR-BA-021-0201,[디지털감사] 사업수행계획 사업관리 실시 국제기구감사 기능 제공
SFR-BA-021-0202,[디지털감사] 특성 선택해서 있도록 국제기구감사 기능 제공
SFR-BA-021-0301,[디지털감사] 계획 실적 관리할 국제기구감사 기능 제공
SFR-BA-021-0302,[디지털감사] 종료 보고서 작성 정보 지원 체계 구축
SFR-BA-021-0401,[디지털감사] 성과보고 작성 관리 국제기구감사 기능 제공
SFR-BA-022-0101,[디지털감사] 공공감사시스템 입력 정보 이행관리 기능 제공
SFR-BA-022-0102,[디지털감사] 상황인 처분요구 관리할 이행관리 기능 제공
SFR-BA-022-0201,[디지털감사] 입력 이행상황 자동 이행관리 연계 체계 구축
SFR-BA-022-0202,[디지털감사] 자료보완 공공감사시스템 기능 이행관리 연계 체계 구축
SFR-BA-022-0203,[디지털감사] 공공감사시스템 신청하면 내역 이행관리 연계 체계 구축
SFR-BA-022-0301,[디지털감사] 입력 이행상황 재심 신청내역 연계 체계 구축
SFR-BA-022-0401,[디지털감사] 담당자 알림 기능 이행관리 전송 체계 구축
SFR-BA-023-0101,[디지털감사] 의해 감사사항 모니터링 기능 제공
SFR-BA-023-0201,[디지털감사] 모니터링 통계 산출 감사 기능 제공
SFR-BA-023-0301,[디지털감사] 시각적 관리할 업무흐름도 도식화 기능 제공
SFR-BA-023-0401,[디지털감사] 승인 감사건별 예산집행관리 기능 제공
SFR-BB-001-0101,[디지털감사] 현장면책사항 관리할 감사지원 적극행정지원 기능 제공
SFR-BB-001-0102,[디지털감사] 감사지원 적극행정지원 접수 수립
SFR-BB-001-0103,[디지털감사] 감사지원 적극행정지원 처리 수립
SFR-BB-001-0104,[디지털감사] 처분요구 연결 감사지원 적극행정지원 기능 제공
SFR-BB-001-0105,[디지털감사] 제출기관 제출자 소명자료 감사지원 기능 제공
SFR-BB-001-0201,[디지털감사] 사전컨설팅 업무절차 감사지원 적극행정지원 기능 제공
SFR-BB-001-0202,[디지털감사] 감사지원 적극행정지원 분야별 접수 수립
SFR-BB-001-0203,[디지털감사] 분야별 절차 감사지원 적극행정지원 기능 제공
SFR-BB-001-0301,[디지털감사] 사례 변경 감사지원 적극행정지원 기능 제공
SFR-BB-001-0302,[디지털감사] 관리 감사지원 적극행정지원 기능 제공
SFR-BB-002-0101,[디지털감사] 접수 검토 감사지원 법률 기능 제공
SFR-BB-002-0102,[디지털감사] 제공 소송관리 법률 지원 체계 구축
SFR-BB-002-0103,[디지털감사] 제공 행정심판위원회 심판청구서 접수 검토 절차 수립
SFR-BB-002-0201,[디지털감사] 담당자 제출 서류 감사지원 등록 기능 제공
SFR-BB-002-0303,[디지털감사] 소송관리 법률 감사지원 지원 체계 구축
SFR-BB-002-0304,[디지털감사] 행정심판위원회 심판청구서 접수 감사지원 검토 절차 수립
SFR-BB-003-0101,[디지털감사] 보고사항 보고내용 증거서류 결산업무 등록 기능 제공
SFR-BB-003-0210,[디지털감사] 등록 단체대화방 문자메시지전송 결산업무 기능 구현
SFR-BB-003-0201,[디지털감사] 제공 검사 자료요구 결산업무 제출 절차 수립
SFR-BB-003-0202,[디지털감사] 관리 제공 계산서 결산업무 검사 체계 구축
SFR-BB-003-0203,[디지털감사] 결산검사 관리 결산업무 계산서 기능 제공
SFR-BB-003-0204,[디지털감사] 결산검사 관리 결산업무 불부합처리 기능 제공
SFR-BB-003-0205,[디지털감사] 결산검사 결산업무 증명책임자관리 기능 제공
SFR-BB-003-0206,[디지털감사] 결산검사 결산업무 부호관리 기능 제공
SFR-BB-003-0207,[디지털감사] 결산검사 관리 결산업무 총세입세출마감 기능 제공
SFR-BB-003-0208,[디지털감사] 결산검사 관리 결산업무 목결산 기능 제공
SFR-BB-003-0209,[디지털감사] 결산검사 등록 단체대화방 문자메시지전송 기능 구현
SFR-BB-004-0101,[디지털감사] 제공받 내부시스템 결재처리 위탁감사 기능 제공
SFR-BB-004-0102,[디지털감사] 관리 제공 감사실시 위탁감사 관리체계 수립
SFR-BB-004-0103,[디지털감사] 관리 제공 공지사항 위탁감사 관리체계 수립
SFR-BB-004-0104,[디지털감사] 위탁조사 대행 위탁감사 기능 제공
SFR-BB-004-0105,[디지털감사] 감사실시기관 위탁조사 대행 위탁감사 기능 제공
SFR-BB-004-0106,[디지털감사] 사후관리 이행상황 재심 위탁감사 기능 제공
SFR-BB-005-0101,[디지털감사] 통합검색 연계 감사법령시스템 기능 제공
SFR-BB-005-0201,[디지털감사] 법원 판결정보 검색 법령 조회 기능 제공
SFR-BC-001-0101,[디지털감사] 제공 연구과제계획 진행관리 감사지원 관리체계 수립
SFR-BC-001-0201,[디지털감사] 홈페이지 감사연구원 연구관리 연계 체계 구축
SFR-BD-001-0101,[디지털감사] 전자감사관리시스템 문서편집기간 상호 운용 기능 제공
SFR-BD-001-0201,[디지털감사] 민감정보 일괄 익명화 처리 지원 체계 구축
SFR-BD-001-0301,[디지털감사] 등록 하이퍼링크 수정방지 문서편집기 기능 제공
SFR-BD-002-0101,[디지털감사] 감사정보 작성 등록 기능 제공
SFR-BD-003-0101,[디지털감사] AND XOR 업무메뉴 검색 기능 제공
SFR-BD-003-0201,[디지털감사] 심의참고자료 법령정보 통합검색 전자감사 기능 제공
SFR-BD-004-0101,[디지털감사] 접근업무 메뉴명 일시 작업내역 열람 기능 제공
SFR-CA-001-0101,[공통행정] 감사통계 상황 정확하게 수립
SFR-CA-001-0201,[공통행정] 현장 감사 관리업무 설계 구축
SFR-CA-001-0301,[공통행정] 직접 제공 DB 설계 구축
SFR-CA-001-0401,[공통행정] 단계별 추적 감사통계 구축
SFR-CA-001-0501,[공통행정] 카테고리 의한 진행 통계정보 기능 제공
SFR-CA-001-0601,[공통행정] 예상문제점번호 개별사건번호 처분요구번호 등으 연계 체계 구축
SFR-CA-001-0701,[공통행정] 관리자용 최고 운영층 통계정보 기능 제공
SFR-CA-001-0801,[공통행정] 통계 ex 적극행정면책 정보 기능 제공
SFR-CA-001-0901,[공통행정] 조직별 통계 기간 기한 분석 체계 구축
SFR-CA-001-0902,[공통행정] 감사통계 측정 역량 향상 수립
SFR-CA-002-0101,[공통행정] 전출자현황 전문인력지정현황 통계조회 감사외 기능 제공
SFR-CA-002-0201,[공통행정] 승진개인별소요연수 국외훈련유형별선호 통계조회 감사외 기능 제공
SFR-CA-002-0301,[공통행정] 지역구분별 일반출장여비 통계조회 감사외 기능 제공
SFR-CB-002-0101,[공통행정] 방문자 요청현황 통합요청 예약관리 기능 제공
SFR-CB-002-0102,[공통행정] 공용시설 요청현황 통합요청 예약관리 기능 제공
SFR-CB-002-0103,[공통행정] 의료지원 요청현황 통합요청 예약관리 기능 제공
SFR-CB-002-0104,[공통행정] 도서 요청현황 통합요청 예약관리 기능 제공
SFR-CB-002-0105,[공통행정] 교육과정 요청현황 통합요청 예약관리 기능 제공
SFR-CB-002-0106,[공통행정] 정부구매카드 요청현황 통합요청 예약관리 기능 제공
SFR-CB-002-0107,[공통행정] 자료발간 요청현황 통합요청 예약관리 기능 제공
SFR-CB-002-0108,[공통행정] 소모품 요청현황 통합요청 예약관리 기능 제공
SFR-CB-002-0109,[공통행정] PC지원 요청현황 통합요청 예약관리 기능 제공
SFR-CB-002-0110,[공통행정] 출입증 요청현황 통합요청 예약관리 기능 제공
SFR-CB-002-0111,[공통행정] IT헬프데스크 요청현황 통합요청 예약관리 기능 제공
SFR-CB-002-0201,[공통행정] 도서대출 취소 예약관리 관리체계 수립
SFR-CB-002-0202,[공통행정] 신청 취소 정보 예약관리 관리체계 수립
SFR-CB-002-0301,[공통행정] 교육과정 신청 취소 정보 관리체계 수립
SFR-CB-002-0401,[공통행정] 반려 신청처리결과 통합요청 예약관리 기능 제공
SFR-CB-002-0501,[공통행정] 소모품 반려 신청처리결과 통합요청 기능 제공
SFR-CB-002-0601,[공통행정] 처리 PC장비관리 통합요청 예약관리 기능 제공
SFR-CB-002-0602,[공통행정] PC관련 신청정보 통합요청 예약관리 기능 제공
SFR-CB-002-0701,[공통행정] 접수 반려 신청처리결과 예약관리 관리체계 수립
SFR-CB-002-0801,[공통행정] 승인 취소 통합요청 예약관리 기능 제공
SFR-CB-002-0802,[공통행정] 공용시설 승인 취소 통합요청 기능 제공
SFR-CB-002-0803,[공통행정] 휴게실 승인 취소 통합요청 기능 제공
SFR-CB-002-0804,[공통행정] 주차장 승인 취소 통합요청 기능 제공
SFR-CB-002-0805,[공통행정] 교육원 승인 취소 통합요청 기능 제공
SFR-CB-002-0806,[공통행정] 식당 승인 취소 통합요청 기능 제공
SFR-CB-002-0901,[공통행정] 주말숙소 이용정보 통합요청 예약관리 기능 제공
SFR-CB-002-1001,[공통행정] 취소 내과예약 승인 예약관리 관리체계 수립
SFR-CB-002-1002,[공통행정] 취소 한의과예약 승인 예약관리 관리체계 수립
SFR-CB-002-1003,[공통행정] 취소 치과예약 승인 예약관리 관리체계 수립
SFR-CB-002-1101,[공통행정] 전자정부 표준프레임워크 공통 컴포넌트 기능 제공
SFR-CB-002-1102,[공통행정] 접수 반려 요청처리결과 예약관리 관리체계 수립
SFR-CB-002-1103,[공통행정] 반려 요청처리 결과 예약관리 관리체계 수립
SFR-CB-002-1104,[공통행정] 자동 캡처 첨부파일 예약관리 기능 제공
SFR-CB-002-1105,[공통행정] 원격 접속 통합요청 예약관리 지원 체계 구축
SFR-CB-003-0101,[공통행정] 용역계약별 지급정보 통합계약관리 조회 기능 제공
SFR-CB-003-0102,[공통행정] 지급 정보 국가재정 통합계약관리 기능 제공
SFR-CB-004-0101,[공통행정] 수발신정보 비전자문서대장관리 기능 제공
SFR-CB-005-0101,[공통행정] 위원회별 의결 조회 운영위원회 기능 제공
SFR-CB-005-0102,[공통행정] 연도별 회의통계 조회 운영위원회 기능 제공
SFR-CB-005-0201,[공통행정] 기본정보관리 위원회정보 운영위원회 기능 제공
SFR-CB-005-0202,[공통행정] 기본정보관리 위원정보 운영위원회 기능 제공
SFR-CB-005-0203,[공통행정] 기본정보관리 위원회구성정보 운영위원회 기능 제공
SFR-CB-005-0204,[공통행정] 기본 인적사항정보 운영위원회 관리체계 수립
SFR-CB-005-0205,[공통행정] 후보자 정보 운영위원회 관리체계 수립
SFR-CB-005-0206,[공통행정] 기본정보관리 위원활동정보 운영위원회 기능 제공
SFR-CB-005-0207,[공통행정] 위원활동 평가정보 관리 운영위원회 기능 제공
SFR-CB-005-0208,[공통행정] 수당 지급정보 운영위원회 관리체계 수립
SFR-CB-005-0301,[공통행정] 운영위원회별 회의정보 관리 기능 제공
SFR-CB-005-0401,[공통행정] 세부안건정보 관계인 운영위원회 관리체계 수립
SFR-CB-005-0501,[공통행정] 회의대장정보 회의결과정보 관리 운영위원회 기능 제공
SFR-CB-005-0601,[공통행정] 운영위원회 관리기능 기능 제공
SFR-CB-005-0602,[공통행정] 인력풀 관리 운영위원회 기능 제공
SFR-CB-005-0603,[공통행정] 수당지급 관리 운영위원회 기능 제공
SFR-CB-006-0101,[공통행정] 도서현황 조회 통합도서관리 기능 제공
SFR-CB-006-0102,[공통행정] 도서대출현황 조회 통합도서관리 기능 제공
SFR-CB-006-0103,[공통행정] 도서예약현황 조회 통합도서관리 기능 제공
SFR-CB-006-0201,[공통행정] 도서분류 도서세분류 정보 통합도서관리 관리체계 수립
SFR-CB-006-0301,[공통행정] 희망도서신청 접수 통합도서관리 기능 제공
SFR-CB-006-0302,[공통행정] 도서자료정보 통합도서관리 기능 제공
SFR-CB-006-0303,[공통행정] 바코드라벨 출력 통합도서관리 기능 제공
SFR-CB-006-0304,[공통행정] 책등라벨 출력 통합도서관리 기능 제공
SFR-CB-006-0305,[공통행정] 도서자료 도서검색 통합도서관리 기능 제공
SFR-CB-006-0401,[공통행정] 도서대출예약 접수 통합도서관리 기능 제공
SFR-CB-006-0402,[공통행정] 도서반납 청구서 출력 통합도서관리 기능 제공
SFR-CC-001-0101,[공통행정] 기본정보 카테고리 지식공유관리 관리체계 수립
SFR-CC-001-0102,[공통행정] 개인 노하우 지식공유관리 수집 체계 구축
SFR-CC-001-0201,[공통행정] 보관지식 카테고리 정보 지식공유관리 관리체계 수립
SFR-CC-001-0202,[공통행정] 지식담기 삭제 지식공유관리 기능 제공
SFR-CC-001-0203,[공통행정] 카테고리별 보관 관리할 있도록 지원 체계 구축
SFR-CC-001-0204,[공통행정] 지식보관 지식수정 지식공유관리 기능 제공
SFR-CC-001-0205,[공통행정] 지식보관 폐기 지식공유관리 기능 제공
SFR-CC-001-0301,[공통행정] 출처별 기간별 현황조회 지식공유관리 기능 제공
SFR-CC-001-0302,[공통행정] 국별 개인별 현황조회 지식공유관리 기능 제공
SFR-CC-001-0303,[공통행정] 활동 국별 개인별 현황조회 기능 제공
SFR-CC-001-0304,[공통행정] 지식커뮤니티현황 국별 개인별 현황조회 기능 제공
SFR-CC-001-0305,[공통행정] 제공받 정보제공요청관리 지식공유관리 기능 제공
SFR-CC-001-0401,[공통행정] 전자정부표준프레임워크 공통 컴포넌트 지식공유관리 기능 제공
SFR-CC-001-0402,[공통행정] 공유 공감도관리 지원할 있도록 기능 제공
SFR-CC-001-0501,[공통행정] 지식자료 우수지식선정 지원 지식공유관리 기능 제공
SFR-CC-001-0601,[공통행정] 조직별 유형별 지식공유관리 분류 체계 구축
SFR-CC-001-0602,[공통행정] 지식평가기준정보관리 지식평가항목 지식공유관리 기능 제공
SFR-CC-001-0603,[공통행정] 평가항목별 등급 지식공유관리 기능 제공
SFR-CC-001-0604,[공통행정] 지식평가기준정보관리 지식점수부여대상 지식공유관리 기능 제공
SFR-CC-001-0701,[공통행정] 지식평가대상 지식공유정보 조회 지식공유관리 기능 제공
SFR-CC-001-0702,[공통행정] 지식평가대상 승인 반려 지식공유관리 기능 제공
SFR-CC-001-0703,[공통행정] 우수 승인취소 지식공유관리 기능 제공
SFR-CC-001-0801,[공통행정] 지식공유활동평가확정 지식활동평가정보 수정 지식공유관리 기능 제공
SFR-CC-001-0802,[공통행정] 지식공유활동평가확정 확정취소 지식공유관리 기능 제공
SFR-CC-001-0803,[공통행정] 지식질문댓글평 확정취소 지식공유관리 기능 제공
SFR-CC-001-0804,[공통행정] 전문가 선정 지식공유관리 등록 기능 제공
SFR-CC-001-0901,[공통행정] 기능 제공 지식공유관리 관리체계 수립
SFR-CD-001-0101,[공통행정] 제안관리 의견수렴관리 기능 제공
SFR-CD-001-0102,[공통행정] 제안관리 제안검토요청 의견수렴관리 기능 제공
SFR-CD-001-0103,[공통행정] 제안관리 제안검토 의견수렴관리 기능 제공
SFR-CD-001-0104,[공통행정] 제안관리기록부 의견수렴관리 기능 제공
SFR-CD-001-0201,[공통행정] 실명 익명 생각거리 의견수렴관리 기능 제공
SFR-CD-001-0202,[공통행정] 생각거리 검토 의견수렴관리 기능 제공
SFR-CD-001-0203,[공통행정] 생각거리 검토 의견수렴관리 관리체계 수립
SFR-CD-001-0301,[공통행정] 의견수렴관리 안전보건의견 제출 기능 제공
SFR-CD-001-0302,[공통행정] 의견수렴관리 원장님 소통활동 기능 제공
SFR-CD-001-0303,[공통행정] 의견수렴관리 업무혁신 제언 기능 제공
SFR-CD-001-0304,[공통행정] 의견수렴관리 설문관리 기능 제공
SFR-CD-002-0101,[공통행정] 전산장비 PC장비 정보화 자산관리 관리체계 수립
SFR-CD-002-0102,[공통행정] 구매 전산장비 PC장비 정보화 관리체계 수립
SFR-CD-002-0103,[공통행정] 코드관리 전산장비 PC장비 정보화 관리체계 수립
SFR-CD-002-0201,[공통행정] 모델명 입력 불용처리 자산관리 관리체계 수립
SFR-CD-002-0301,[공통행정] 전산 소모품 PC장비 자산관리 관리체계 수립
SFR-CD-002-0401,[공통행정] 복합기 스캐너 팩스 구분 관리체계 수립
SFR-CD-003-0101,[공통행정] 파일들 현재 오프라인 기록관리 관리체계 수립
SFR-CD-003-0201,[공통행정] 수립 기록관리 관리기준표 등록 기능 제공
SFR-CD-003-0301,[공통행정] 기록관리 기록물 평가심 이력관리 수립
SFR-FA-001-0101,[디지털감사] 디지털 포렌식 행정처리 기록관리 기능 제공
SFR-GA-001-0101,[공통기반] 기능개발 공통 요구사항 데이터기능 수립
SFR-GA-001-0201,[공통기반] 기능개발 공통 요구사항 내부논리파일 수립
SFR-GA-001-0301,[공통기반] 내역 규모 상호 기능개발 확인 절차 수립
SFR-GA-001-0401,[공통기반] 분석 설계 기능개발 공통 기능 구현
SFR-GA-001-0501,[공통기반] DB 테이블 일치성 기능개발 확보 방안 수립
SFR-GA-001-0601,[공통기반] 품질 만족할 있도록 기능개발 최적화 방안 수립
SFR-GA-001-0701,[공통기반] 응용 프로그램 소스코드 ISP 활용 체계 구축
SFR-GA-002-0101,[공통기반] 표준 프레임워크 응용프로그램 설계 기능 구현
SFR-GA-002-0201,[공통기반] 공통요소 관리방안 재사용 일반 제시
SFR-GA-002-0301,[공통기반] 소프트웨어 연계 Adaptor API 기능 제공
SFR-GA-002-0302,[공통기반] 개발 변수 용어 데이터 표준 수립
SFR-GA-002-0401,[공통기반] 상용 소프트웨어 연계 Adaptor 기능 제공
SFR-GA-002-0501,[공통기반] 호환성 웹사이트 플러그인 제거 준수 체계 수립
SFR-GA-002-0601,[공통기반] 프레임워크 아키텍처 연관 소프트웨어 연계 체계 구축
SFR-GA-002-0701,[공통기반] 입력 데이터 자동완성 일반 기능 제공
SFR-GA-003-0101,[UI/UX] 시스템 UI UX 경험 분석 체계 구축
SFR-GA-004-0101,[UI/UX] System UI UX 홈페이지 준수 체계 수립
SFR-GA-005-0101,[공통기반] 기관코드수신 법정동코드 기준정보관리 기능 제공
SFR-GA-005-0102,[공통기반] 기준정보관리 공통분류코드 공통상세코드 기능제공 수립
SFR-GA-005-0103,[공통기반] 우편번호 주소찾기 기준정보관리 기능 제공
SFR-GA-005-0104,[공통기반] 우편번호관리 기준정보관리 기능 제공
SFR-GA-005-0105,[공통기반] 행정코드관리 기준정보관리 기능 제공
SFR-GA-005-0106,[공통기반] 기관코드수신 기관코드 기관코드수신 법정동코드 기준정보관리 기능 제공
SFR-GA-005-0201,[공통기반] go kr 에서 기준정보관리 기능 제공
SFR-GA-005-0301,[데이터구축및이관] 메타데이터관리시스템 차세대 OASYS 기준정보관리 구축
SFR-GA-006-0101,[공통기반] 부서 조직별 권한 기능 설정
SFR-GA-006-0102,[공통기반] 이용자 유형 구분 권한 기능 제공
SFR-GA-006-0103,[공통기반] 그룹 설정 관리 권한 기능 제공
SFR-GA-006-0104,[공통기반] 권한 차등 부여 그룹별 기능 제공
SFR-GA-006-0105,[공통기반] 표준인사정보시스템상 부서 조직별 권한 설정
SFR-GA-006-0106,[공통기반] 특정 인원 그룹 권한 설정
SFR-GA-006-0107,[공통기반] 역할 부여 권한관리 기능 제공
SFR-GA-006-0108,[공통기반] 프로세스별 역할 부여 권한관리 기능 제공
SFR-GA-006-0109,[공통기반] 기능별 역할 부여 권한관리 기능 제공
SFR-GA-006-0110,[공통기반] 화면별 역할 부여 권한관리 기능 제공
SFR-GA-006-0111,[공통기반] 권한 부여 이력 관리 기능 제공
SFR-GA-007-0101,[PMO/QC] 미리보기 조회할 온라인 도움말 기능 제공
SFR-GA-007-0102,[PMO/QC] 온라인 매뉴얼 조회 도움말 기능 제공
SFR-GA-007-0103,[PMO/QC] 매뉴얼 미리보기 조회할 온라인 기능 제공
SFR-GA-007-0104,[PMO/QC] 메뉴마다 참고할 온라인 도움말 기능 제공
SFR-GA-007-0105,[PMO/QC] 매뉴얼 출력 온라인 도움말 기능 제공
SFR-GA-007-0201,[PMO/QC] 쉽게 찾아볼 FAQ 온라인 관리체계 수립
SFR-GA-007-0301,[PMO/QC] 행정전문용어사전관리 온라인 매뉴얼 도움말 기능 제공
SFR-GA-007-0302,[PMO/QC] 도움말 온라인 지원 기능 제공
SFR-GA-007-0303,[PMO/QC] 용어사전 온라인 도움말 기능 제공
SFR-GA-007-0304,[PMO/QC] 관리자 답변글 온라인 도움말 등록 기능 제공
SFR-GA-007-0305,[PMO/QC] 온라인 도움말 지원 행정전문용어사전관리 수립
SFR-GA-007-0306,[PMO/QC] 온라인 매뉴얼 도움말 기능 제공
SFR-GA-007-0401,[PMO/QC] 답변 내역 조회할 온라인 기능 제공
SFR-GA-007-0501,[PMO/QC] 작성시 비밀번호 입력 온라인 기능 제공
SFR-GA-007-0601,[PMO/QC] 응용프로그램 정보 도움 온라인 기능 제공
SFR-GA-008-0101,[PMO/QC] 메뉴 기간별 조회할 화면통계 기능 제공
SFR-GA-008-0201,[PMO/QC] 79 전자감사 전자성 13 기능 구현
SFR-GA-009-0101,[PMO/QC] 통계자료 특정 조건 맞게 기능 제공
SFR-GA-009-0201,[PMO/QC] 계산 업무화면 통계자료 일치해야 기능 구현
SFR-GA-010-0101,[PMO/QC] 소식이나 정보 게시판 형태 기능 제공
SFR-GA-010-0201,[PMO/QC] 배너관리 메인 이미지 정보제공 관리체계 수립
SFR-GA-011-0101,[PMO/QC] 이력관리 웹로그관리 접속로그관리 기능 제공
SFR-GA-011-0102,[PMO/QC] 사용로그관리 기능 제공
SFR-GA-011-0103,[PMO/QC] 로그관리 기능 제공
SFR-GA-011-0104,[PMO/QC] 시스템 이력관리 로그관리 기능 제공
SFR-GA-011-0105,[PMO/QC] 웹로그관리 기능 제공
SFR-GA-011-0106,[PMO/QC] 접속로그관리 기능 제공
SFR-GA-012-0101,[PMO/QC] 바로가기 메뉴관리 메뉴생성 기능 제공
SFR-GA-013-0101,[PMO/QC] 프로그램관리 목록조회 프로그램목록 등록 기능 제공
SFR-GA-013-0102,[PMO/QC] 상세조회 프로그램관리 목록조회 프로그램목록 등록 기능 제공
SFR-GA-013-0103,[PMO/QC] 프로그램관리 변경요청 조회 등록 기능 제공
SFR-GA-013-0201,[PMO/QC] 프로그램 변경관리 화면 변경요청 확인 절차 수립
SFR-GA-013-0203,[PMO/QC] 화면 메뉴 프로그램관리 구성
SFR-GA-013-0204,[PMO/QC] 관리자 프로그램 변경관리 화면 확인 절차 수립
SFR-GA-013-0301,[PMO/QC] 프로그램관리 다른 인터페이스 API제공 수립
SFR-GA-013-0401,[PMO/QC] 진행 상황 한눈 대시보드 기능 제공
SFR-GA-013-0501,[PMO/QC] 변경 소스 차이점 프로그램관리 비교 분석 체계 구축
SFR-GA-014-0101,[PMO/QC] 배치작업관리 배치결과관리 스케줄처리 배치관리 기능 제공
SFR-GA-014-0102,[PMO/QC] 배치작업관리 배치관리 기능 제공
SFR-GA-014-0103,[PMO/QC] 배치결과관리 배치관리 기능 제공
SFR-GA-014-0104,[PMO/QC] 스케줄처리 배치관리 기능 제공
SFR-GA-015-0101,[PMO/QC] 백업관리 네트워크관리 서버정보관리 시스템관리 기능 제공
SFR-GA-016-0101,[PMO/QC] 장애신청관리 장애처리결과관리 장애관리 기능 제공
SFR-GA-017-0101,[PMO/QC] 연계정보 등록 관리 시스템 기능 제공
SFR-GA-017-0201,[PMO/QC] 연계서비스 정보 관리 연계시스템 등록 기능 제공
SFR-GA-017-0301,[PMO/QC] 정보 관리 연계메시지 연계서비스 기능 제공
SFR-GA-017-0401,[PMO/QC] 등으 모바일공무원증 청원24 시스템 연계 체계 구축
SFR-GA-018-0101,[PMO/QC] 구분 메시지 정보 속성처리 기능 제공
SFR-GA-019-0101,[PMO/QC] 인쇄할 설정 화면 기능 제공
SFR-GA-019-0201,[PMO/QC] 팝업창 자동 보여주 인쇄 기능 제공
SFR-GA-020-0101,[PMO/QC] 세선 처리 세션 정보 생성 기능 제공
SFR-GA-020-0201,[PMO/QC] 쿠키 처리 세션 기능 제공
SFR-GA-021-0101,[사용자포털] 수정 목록조회 상세조회 달력 기능 제공
SFR-GA-021-0201,[사용자포털] 일정 조회 관리 달력 기능 제공
SFR-GA-021-0301,[사용자포털] 행사 이벤트 일정관리 달력 기능 제공
SFR-GA-021-0401,[사용자포털] 인사정보 달력 부서 근무상황 연계 체계 구축
SFR-GA-022-0101,[사용자포털] QR코드 인증 로그인 모바일공무원증 기능 제공
SFR-GA-022-0201,[사용자포털] 일반직 수견직 로그인할 기능 제공
SFR-GA-022-0301,[사용자포털] 이용 자동 로그아웃 로그인 기능 제공
SFR-GA-022-0302,[사용자포털] 로그인 로그아웃 자동저장 수립
SFR-GA-023-0101,[PMO/QC] 브라우저 서버 주기적 공지내용 전송 체계 구축
SFR-GA-023-0102,[PMO/QC] 실시간 공지 목록조회 상세조회 등록 기능 제공
SFR-GA-023-0103,[PMO/QC] 실시간 공지서비스 수락 수립
SFR-GA-023-0104,[PMO/QC] 기능 메시지 실시간 공지 확인 절차 수립
SFR-GA-023-0105,[PMO/QC] 실시간 공지 메시지수신 수립
SFR-HA-001-0101,[감사원홈페이지] 열람할 있도록 전자점자 홈페이지 기능 제공
SFR-HA-002-0101,[감사원홈페이지] 감사지 파일 업로드 600MB 기능 제공
SFR-HB-001-0101,[감사원홈페이지] 외부교육과정 신청 취소 감사교육원 기능 제공
SFR-HB-001-0102,[감사원홈페이지] 감사교육원 홈페이지 기능 교육신청관리 수립
SFR-HB-001-0201,[감사원홈페이지] 설문 참여 교육과정시험 감사교육원 기능 제공
SFR-HB-001-0202,[감사원홈페이지] 감사교육원 홈페이지 기능 교육참여관리 수립
SFR-HB-001-0301,[감사원홈페이지] 별개 감사교육원 개인정보 처리방침 기능 제공
SFR-HC-001-0101,[감사원홈페이지] 활동 정보 WGCMA 회원관리 기능 제공
SFR-HC-001-0201,[감사원홈페이지] ns 정보 WGCMA 회원관리 관리체계 수립
SFR-HC-001-0301,[감사원홈페이지] Crisis Management Audit Database 관리체계 수립
SFR-HC-001-0401,[감사원홈페이지] 이벤트 정보 WGCMA 회원관리 기능 제공
SFR-IA-001-0101,[PMO/QC] 검색 기능 색인 인덱싱 수립
SFR-IA-001-0201,[PMO/QC] MemORy 고속 지원 검색 기능 제공
SFR-IA-001-0301,[PMO/QC] 로드밸런싱 Multi Thread 분산검색구조 지원 체계 구축
SFR-IA-001-0401,[PMO/QC] 검색속 기능 검색결 개선 방안 수립
SFR-IA-001-0501,[PMO/QC] 불리언 결과내 재검색 하이라이팅 지원 체계 구축
SFR-IA-001-0601,[PMO/QC] 검색 기능 동적 메모리 수립
SFR-IA-001-0701,[PMO/QC] 기능 중요 검색결 수립
SFR-IA-001-0801,[PMO/QC] 기능 검색어 자동 수립
SFR-IA-001-0901,[PMO/QC] 기능 제공 맞춤형 키워드 관리체계 수립
SFR-IA-001-1001,[PMO/QC] 카테고리 부스팅 랭킹 플랫폼 적용 방안 수립
SFR-IA-001-1101,[PMO/QC] 제공할 있도록 검색결 기능 제공
SFR-IA-001-1201,[PMO/QC] 연산자 검색 기능 제공
SFR-IA-002-0101,[PMO/QC] 색인 기능 감사보고서 구조별 수립
SFR-IA-002-0201,[PMO/QC] 비정형 문서 첨부파일 전문검색 지원 체계 구축
SFR-IA-002-0301,[PMO/QC] 형태소 색인 gram token 분석 체계 구축
SFR-IA-002-0401,[PMO/QC] 필드별 차등 색인 지원 체계 구축
SFR-IA-002-0501,[PMO/QC] Multi Thread 색인 DB 지원 체계 구축
SFR-IA-002-0601,[PMO/QC] 색인 이중화 기능 지원 체계 구축
SFR-IA-003-0101,[PMO/QC] 색인 감사보고서 검색 구조별 기능 제공
SFR-IA-003-0201,[PMO/QC] CS 형태 갖춘 연동방식 기능 제공
SFR-IA-003-0301,[PMO/QC] 디스크 공간 효율성 검색 확보 방안 수립
SFR-IA-003-0401,[PMO/QC] 쿼리 통계 차트정보 검색 기능 제공
SFR-IA-003-0501,[PMO/QC] 통합 사전관리 검색 불용어 기능 제공
SFR-IA-003-0601,[PMO/QC] 제공 검색어 통계 시스템 관리체계 수립
SFR-IA-003-0701,[PMO/QC] 개발도구 API 검색 기능 제공
SFR-IA-004-0101,[PMO/QC] 유의미 정보 생성 형태소 분석 체계 구축
SFR-IA-004-0201,[PMO/QC] 원문 텍스트 언어 분석기능 분석 체계 구축
SFR-IA-004-0301,[PMO/QC] 단어 문서 군집화 연관어 추출 기능 제공
SFR-IA-004-0401,[PMO/QC] 형태소 키워드 분석기능 추출 기능 제공
SFR-IA-004-0501,[PMO/QC] 기계학습 기술 분석기능 분석 체계 구축
SFR-MA-001-0101,[필수행정] e사람 기본 인사정보관리 기능 제공
SFR-MA-001-0102,[필수행정] 수견직 다양 유형 인사정보 관리체계 수립
SFR-MA-001-0103,[필수행정] 인사정보관리 인사기록정보관리 인사기본 수립
SFR-MA-001-0104,[필수행정] 인사정보관리 인사기록정보관리 수립
SFR-MA-001-0105,[필수행정] 인사정보관리 인사기록정보관리 교육훈련 수립
SFR-MA-001-0106,[필수행정] 병역사항 인사정보관리 인사기록정보관리 수립
SFR-MA-001-0201,[필수행정] 실적정보조회 개인인사기록정보 인사정보관리 기능 제공
SFR-MA-001-0202,[필수행정] 감사 지원실적정보 조회 인사정보관리 기능 제공
SFR-MA-001-0203,[필수행정] 감사 지원부서실적정보 조회 인사정보관리 기능 제공
SFR-MA-001-0204,[필수행정] 감사 지원부서성과평가정보 조회 인사정보관리 기능 제공
SFR-MA-001-0301,[필수행정] 역량평가관리 역량평가대상자 인사정보관리 기능 제공
SFR-MA-001-0302,[필수행정] 개인별 보고서 인사정보관리 기능 제공
SFR-MA-001-0303,[필수행정] 역량평 총괄보고서 인사정보관리 기능 제공
SFR-MA-001-0401,[필수행정] 전문인력 교육훈련계획서 인사정보관리 기능 제공
SFR-MA-001-0402,[필수행정] 전문인력 평가보고서 인사정보관리 기능 제공
SFR-MA-001-0501,[필수행정] 비위행위자 인사정보관리 기능 제공
SFR-MA-001-0601,[필수행정] 자격제한자 인사정보관리 기능 제공
SFR-MA-001-0701,[필수행정] 전보지원관리 전보지원기준 인사정보관리 기능 제공
SFR-MA-001-0702,[필수행정] 전보지원관리 전보대상자 인사정보관리 기능 제공
SFR-MA-001-0703,[필수행정] 부서별 취합 인사정보관리 기능 제공
SFR-MA-001-0704,[필수행정] 전입대상자 선정 인사정보관리 기능 제공
SFR-MA-001-0801,[필수행정] 감사능력개발 인사정보관리 기능 제공
SFR-MA-001-0802,[필수행정] 국립중앙도서관 도서관리시스템 등록정보 인사정보관리 연계 체계 구축
SFR-MA-002-0101,[필수행정] 계약직 가족사항 인사정보관리 관리체계 수립
SFR-MA-002-0201,[필수행정] 근무자 퇴근 복무정보 인사정보관리 관리체계 수립
SFR-MA-002-0202,[필수행정] 인사정보관리 근무관리 근무자 방호원 수립
SFR-MA-003-0101,[필수행정] 승진심사관리 승진심사기준 성과평가관리 기능 제공
SFR-MA-003-0102,[필수행정] 승진심사관리 심사대상자 성과평가관리 기능 제공
SFR-MA-003-0103,[필수행정] 승진심사관리 참고자료 성과평가관리 기능 제공
SFR-MA-003-0104,[필수행정] 승진심사관리 심사결 성과평가관리 기능 제공
SFR-MA-003-0201,[필수행정] 직무성적평 예외자 성과평가관리 기능 제공
SFR-MA-003-0202,[필수행정] 4급 평가대상자 성과평가관리 기능 제공
SFR-MA-003-0203,[필수행정] 4급 평가등급 성과평가관리 기능 제공
SFR-MA-003-0204,[필수행정] 등급별 배분 성과평가관리 기능 제공
SFR-MA-003-0205,[필수행정] 4급 취합 성과평가관리 기능 제공
SFR-MA-003-0206,[필수행정] 4급 평가결과 성과평가관리 기능 제공
SFR-MA-003-0207,[필수행정] 4급 평가참고자료 성과평가관리 기능 제공
SFR-MA-003-0208,[필수행정] 상급자 의견정보 성과평가관리 기능 제공
SFR-MA-003-0301,[필수행정] 근무성적평 예외자 성과평가관리 기능 제공
SFR-MA-003-0302,[필수행정] 5급 평가대상자 성과평가관리 기능 제공
SFR-MA-003-0303,[필수행정] 5급 평가등급 성과평가관리 기능 제공
SFR-MA-003-0304,[필수행정] 근무성적평가관리 등급별 배분 성과평가관리 기능 제공
SFR-MA-003-0305,[필수행정] 5급 취합 성과평가관리 기능 제공
SFR-MA-003-0306,[필수행정] 5급 평가결과 성과평가관리 기능 제공
SFR-MA-003-0307,[필수행정] 5급 평가참고자료 성과평가관리 기능 제공
SFR-MA-003-0308,[필수행정] 근무성적평가관리 상급자 의견정보 성과평가관리 기능 제공
SFR-MA-003-0401,[필수행정] 성과연봉 평가기준 성과평가관리 기능 제공
SFR-MA-003-0402,[필수행정] 성과연봉평 제외자 성과평가관리 기능 제공
SFR-MA-003-0501,[필수행정] 성과상여금 평가기준 성과평가관리 기능 제공
SFR-MA-003-0502,[필수행정] 성과상여금 대상자선정기준 성과평가관리 기능 제공
SFR-MA-003-0601,[필수행정] 추천 제한사유 성과평가관리 기능 제공
SFR-MA-003-0602,[필수행정] 포상심사관리 평가대상자 성과평가관리 기능 제공
SFR-MA-003-0603,[필수행정] 평가대상자별 추천순위 성과평가관리 기능 제공
SFR-MA-003-0604,[필수행정] 포상심사관리 평가결 성과평가관리 기능 제공
SFR-MA-003-0701,[필수행정] 국외훈련 심사계획 성과평가관리 기능 제공
SFR-MA-003-0702,[필수행정] 국외훈련심사관리 평가점수기준 성과평가관리 기능 제공
SFR-MA-003-0703,[필수행정] 국외훈련심사관리 심사평가자 성과평가관리 기능 제공
SFR-MA-003-0704,[필수행정] 국외훈련심사관리 제출자료 성과평가관리 기능 제공
SFR-MA-003-0705,[필수행정] 피평가자 평가결 성과평가관리 기능 제공
SFR-MB-001-0101,[필수행정] 연간교육운영계획관리 교육훈련계획관리 기능 제공
SFR-MB-001-0102,[필수행정] 연간교육운영계획관리 교육일정 교육훈련계획관리 기능 제공
SFR-MB-001-0103,[필수행정] 전년 교육과정복사 편의 교육훈련계획관리 기능 제공
SFR-MB-001-0201,[필수행정] 설문조사결과 교육만족도 교육훈련계획관리 기능 제공
SFR-MB-001-0202,[필수행정] 교육만족도분석 설문조사결과 교육만족도 교육훈련계획관리 기능 제공
SFR-MB-001-0301,[필수행정] 수요조사 교육훈련계획관리 기능 제공
SFR-MB-001-0302,[필수행정] 수요조사결과 교육훈련계획관리 기능 제공
SFR-MB-002-0101,[필수행정] 분류 교육훈련 개설관리 관리체계 수립
SFR-MB-002-0102,[필수행정] 교육비 교육훈련 개설관리 관리체계 수립
SFR-MB-002-0103,[필수행정] 강사료 교육훈련 개설관리 관리체계 수립
SFR-MB-002-0104,[필수행정] 원고료 교육훈련 개설관리 관리체계 수립
SFR-MB-002-0201,[필수행정] 배정 교육과정 정보 개설관리 편성 체계 수립
SFR-MB-002-0301,[필수행정] 교과목관리 교과목정보 교육훈련 개설관리 기능 제공
SFR-MB-002-0401,[필수행정] 교육과정관리 교육과정정보 교육훈련 개설관리 기능 제공
SFR-MB-002-0501,[필수행정] 강의시간표관리 강의시간표정보 교육훈련 개설관리 기능 제공
SFR-MB-002-0601,[필수행정] 교육교재관리 교육교재정보 교육훈련 개설관리 기능 제공
SFR-MB-002-0701,[필수행정] 강사관리 강사정보 교육훈련 개설관리 기능 제공
SFR-MB-003-0101,[필수행정] 마감 정보 교육훈련 신청접수관리 관리체계 수립
SFR-MB-003-0201,[필수행정] 교육과정 신청접수관리 관리체계 수립
SFR-MB-003-0202,[필수행정] 교육과정 마감 신청접수관리 관리체계 수립
SFR-MB-004-0101,[필수행정] 추출기준 기준정보 교육생 교육비관리 관리체계 수립
SFR-MB-004-0102,[필수행정] 외부교육대상기관 기준정보 교육생 교육비관리 관리체계 수립
SFR-MB-004-0201,[필수행정] 조정 선정할 있도록 교육비관리 기능 제공
SFR-MB-004-0202,[필수행정] 공지 통보 교육생 교육비관리 기능 제공
SFR-MB-004-0203,[필수행정] 통보할 있도록 교육생 교육비관리 기능 제공
SFR-MB-004-0301,[필수행정] 교육생관리 교육생명단 교육비관리 기능 제공
SFR-MB-004-0302,[필수행정] 학적부 자동생성 교육생 교육비관리 기능 제공
SFR-MB-004-0401,[필수행정] 교육비납부 기본정보 교육생 교육비관리 기능 제공
SFR-MB-004-0402,[필수행정] 교육비납부 일괄등록 교육생 교육비관리 기능 제공
SFR-MB-004-0403,[필수행정] 교육비납부 일괄납부 교육생 교육비관리 기능 제공
SFR-MB-004-0404,[필수행정] 영수증 출력 교육생 교육비관리 기능 제공
SFR-MB-005-0101,[필수행정] 학적관리 학적부 교육훈련운영관리 기능 제공
SFR-MB-005-0201,[필수행정] 숙소배정관리 숙박비 교육훈련운영관리 기능 제공
SFR-MB-005-0202,[필수행정] 숙소배정관리 교육훈련운영관리 기능 제공
SFR-MB-005-0203,[필수행정] 숙소배정관리 사용내역 교육훈련운영관리 기능 제공
SFR-MB-005-0301,[필수행정] 명찰 출력 교육훈련운영관리 기능 제공
SFR-MB-005-0302,[필수행정] 교육생활 안내정보 교육훈련운영관리 기능 제공
SFR-MB-005-0303,[필수행정] 입소관리및안내 교육생활 정보 알림 기능 제공
SFR-MB-005-0304,[필수행정] 전송할 입소관리및안내 교육생활 정보 알림 기능 제공
SFR-MB-005-0401,[필수행정] 출결 정보 교육훈련운영관리 기능 제공
SFR-MB-005-0501,[필수행정] 평가관리 문제은행 교육훈련운영관리 기능 제공
SFR-MB-005-0502,[필수행정] 평가관리 시험문제지 교육훈련운영관리 기능 제공
SFR-MB-005-0503,[필수행정] 평가관리 시험결과 교육훈련운영관리 기능 제공
SFR-MB-005-0504,[필수행정] 평가관리 평가결 교육훈련운영관리 기능 제공
SFR-MB-005-0601,[필수행정] 교육과정 설문조사 결과관리 교육훈련운영관리 기능 제공
SFR-MB-005-0602,[필수행정] 설문관리 설문조사 결과관리 교육훈련운영관리 기능 제공
SFR-MB-005-0701,[필수행정] 교육수료 처리 교육훈련운영관리 기능 제공
SFR-MB-005-0702,[필수행정] 교육우수자 선정 교육훈련운영관리 기능 제공
SFR-MB-005-0703,[필수행정] 강사료 지급 교육훈련운영관리 기능 제공
SFR-MB-006-0101,[필수행정] 조건별 교육실적 교육훈련 실적관리 기능 제공
SFR-MB-006-0102,[필수행정] 미수료 교육훈련 실적관리 기능 제공
SFR-MB-006-0103,[필수행정] 강사료 지급통계 교육훈련 실적관리 기능 제공
SFR-MB-006-0104,[필수행정] 강의현황 다양 교육실적 실적관리 조회 기능 제공
SFR-MB-006-0201,[필수행정] 교육성 보고서 교육훈련 실적관리 기능 제공
SFR-MC-001-0101,[필수행정] 원내감찰관리 일상감사 의뢰 기능제공 수립
SFR-MC-001-0102,[필수행정] 일상감사 처리결 원내감찰관리 기능제공 조회 기능 제공
SFR-MC-001-0201,[필수행정] 바른감사 신문 신고 원내감찰관리 기능 제공
SFR-MC-001-0202,[필수행정] 접수 검토 원내감찰관리 기능 제공
SFR-MC-001-0301,[필수행정] 기능제공 신고 익명 원내감찰관리 지원 체계 구축
SFR-MC-001-0302,[필수행정] 청렴 접수 검토 원내감찰관리 기능 제공
SFR-MC-002-0101,[필수행정] 언론스크랩 정보 등록 대외관리 기능 제공
SFR-MC-002-0102,[필수행정] 언론스크랩 정보 대외관리 관리체계 수립
SFR-MC-002-0201,[필수행정] 미공개 종결처리 기관별 감사결 검토 절차 수립
SFR-MC-002-0301,[필수행정] 보도자료 대외관리 감사착수 기능 제공
SFR-MC-002-0302,[필수행정] 감사착수 처리단계 대외관리 기능 제공
SFR-MC-002-0401,[필수행정] 대표기관별 관계기관 매핑정보 대외관리 관리체계 수립
SFR-MC-002-0501,[필수행정] 국회감사 대외관리 요구관리 기능 제공
SFR-MC-002-0601,[필수행정] 질의서 등록 대외관리 기능 제공
SFR-MC-002-0602,[필수행정] 답변자료 등록 대외관리 기능 제공
SFR-MC-002-0603,[필수행정] 답변자료 취합 대외관리 기능 제공
SFR-MC-002-0604,[필수행정] 요구자료 업무담당자 대외관리 기능 제공
SFR-MC-002-0701,[필수행정] 행정정보 구성항목 대외관리 기능 제공
SFR-MC-003-0101,[필수행정] 휴일 출장여비 기준 재무관리 관리체계 수립
SFR-MC-003-0201,[필수행정] 수령계좌 수정 처리 재무관리 기능 제공
SFR-MC-003-0301,[필수행정] 정산집계표 조회 처리 재무관리 기능 제공
SFR-MC-003-0401,[필수행정] 국가재정 Brain 현황정보 재무관리 기능 제공
SFR-MC-003-0501,[필수행정] 수당실적정보 출력 처리 재무관리 기능 제공
SFR-MC-003-0601,[필수행정] 국외 출장 재무관리 기능 제공
SFR-MC-003-0701,[필수행정] 재무관리 출장기준정보 관리체계 수립
SFR-MC-003-0801,[필수행정] 접수 반려 신청처리결과 재무관리 관리체계 수립
SFR-MC-004-0101,[필수행정] 비상소집대상자 응소 비상훈련 관리체계 수립
SFR-MC-004-0201,[필수행정] 비상훈련 관리 을지연습 상황전파 수립
SFR-MC-004-0202,[필수행정] 비상훈련 을지연습 관리기능 수립
SFR-MC-004-0203,[필수행정] 비상훈련 을지연습 옵션관리 수립
SFR-MC-004-0301,[필수행정] 당직근무 관리 비상훈련 등록 기능 제공
SFR-MC-004-0302,[필수행정] 당직근무 비상훈련 관리 서류 관리체계 수립
SFR-MC-004-0303,[필수행정] 당직근무 비상훈련 관리 관리체계 수립
SFR-MC-004-0401,[필수행정] 긴급상황관리 비상연락 비상훈련 기능 제공
SFR-MC-005-0101,[필수행정] 국제교류 워킹그룹 국제협력관리 관리체계 수립
SFR-MC-005-0102,[필수행정] 국제교류 국제활동계획서 국제협력관리 관리체계 수립
SFR-MC-005-0103,[필수행정] 국제활동결과보고서 국제협력관리 기능 제공
SFR-MC-005-0201,[필수행정] 전자성과관리시스템 선발 국외훈련자 정보 연계 체계 구축
SFR-MC-006-0101,[필수행정] 복지관리 직원복지지원시스템 복지지원급여관리 수립
SFR-MC-006-0102,[필수행정] 복지관리 직원복지지원시스템 종합건강검진비 수립
SFR-MC-006-0103,[필수행정] 복지관리 직원복지지원시스템 신협잔액조회 수립
SFR-MC-006-0104,[필수행정] 복지관리 직원복지지원시스템 신협 출자금현행 수립
SFR-MC-006-0105,[필수행정] 복지관리 직원복지지원시스템 신협 대출금현행 수립
SFR-MC-006-0106,[필수행정] 복지관리 직원복지지원시스템 신협 결산 수립
SFR-MC-006-0107,[필수행정] 복지관리 직원복지지원시스템 신협 회계관리 수립
SFR-MC-006-0108,[필수행정] 복지관리 직원복지지원시스템 신협 출자금관리 수립
SFR-MC-006-0109,[필수행정] 복지관리 직원복지지원시스템 신협 대출금관리 수립
SFR-MC-006-0110,[필수행정] 복지관리 직원복지지원시스템 신협 시스템관리 수립
SFR-MC-006-0111,[필수행정] 복지관리 직원복지지원시스템 신협 조합원관리 수립
SFR-MC-006-0112,[필수행정] 복지관리 직원복지지원시스템 신협 이익배당관리 수립
SFR-MC-006-0113,[필수행정] 직원복지지원시스템 장례용품지원대상자 복지관리 관리체계 수립
SFR-MC-007-0101,[필수행정] 방문대상자 정보 출입관리 기능 제공
SFR-MC-007-0102,[필수행정] 승인 취소 출입관리 기능 제공
SFR-MC-007-0103,[필수행정] 입력 관리부서 승인할 있도록 지원 체계 구축
SFR-MC-007-0201,[필수행정] 출입증 발급번호 출입관리 기능 제공
SFR-MC-007-0202,[필수행정] 제공 차량관리 솔루션 출입관리 연계 체계 구축
SFR-MC-007-0301,[필수행정] 연락사무소 출입관리 예약관리 관리체계 수립
SFR-MC-007-0302,[필수행정] 연락사무소 출입관리 출퇴근 관리기능 관리체계 수립
SFR-MC-007-0303,[필수행정] 이용현황 정보 출입관리 관리체계 수립
SFR-MC-007-0401,[필수행정] 방문현황 정보 출입관리 기능 제공
SFR-MC-007-0402,[필수행정] 외부망 이용 방문자 출입관리 기능 제공
SFR-MC-007-0501,[필수행정] 식사인원 정보 출입관리 기능 제공
SFR-MC-007-0601,[필수행정] 이용 조회 출입관리 기능 제공
SFR-MD-001-0101,[필수행정] 설정 실적평 평가기간 준비 기능 제공
SFR-MD-001-0102,[필수행정] 설정 실적평 평가대상부서 준비 기능 제공
SFR-MD-001-0103,[필수행정] 설정 평가대상부서 평가자 실적평 기능 제공
SFR-MD-001-0201,[필수행정] 추진율 정보 설정 실적평 기능 제공
SFR-MD-001-0202,[필수행정] 감사사항 순인원가중치 정보 실적평 설정
SFR-MD-001-0203,[필수행정] 가감점율 정보 설정 실적평 기능 제공
SFR-MD-001-0204,[필수행정] 감사단계별 기준처리기간 정보 실적평 설정
SFR-MD-001-0205,[필수행정] 평가등급 가중치 정보 실적평 설정
SFR-MD-001-0206,[필수행정] 기여율배분기준 정보 실적평 준비 설정
SFR-MD-001-0207,[필수행정] 우수지적사항기준 정보 실적평 준비 설정
SFR-MD-001-0208,[필수행정] 특별가산점기준 정보 실적평 준비 설정
SFR-MD-001-0209,[필수행정] 감사외업무기준 정보 실적평 준비 설정
SFR-MD-001-0301,[필수행정] 기본평점 정보 실적평 준비 기능 제공
SFR-MD-001-0401,[필수행정] 감사사항 정보 실적평 준비 기능 제공
SFR-MD-001-0402,[필수행정] 감사업무 감사단계 정보 실적평 관리체계 수립
SFR-MD-001-0403,[필수행정] 감사청구사항 정보 실적평 준비 기능 제공
SFR-MD-002-0101,[필수행정] 지적사항 개인 처리 실적평 기능 제공
SFR-MD-002-0102,[필수행정] 감사사항 평가 처리 실적평 기능 제공
SFR-MD-002-0103,[필수행정] 실적평 감사실적 우수자 추천 평가 체계 구축
SFR-MD-002-0104,[필수행정] 우수지적사항 평가 처리 실적평 기능 제공
SFR-MD-002-0105,[필수행정] 감사청구 개인 처리 실적평 기능 제공
SFR-MD-002-0106,[필수행정] 우수지적사항 점수부여 처리 실적평 기능 제공
SFR-MD-002-0107,[필수행정] 조정점 부여 처리 실적평 기능 제공
SFR-MD-002-0108,[필수행정] 신청 검토 처리 실적평 기능 제공
SFR-MD-002-0109,[필수행정] 감사부서 신청 검토 처리 기능 제공
SFR-MD-002-0110,[필수행정] 단위업무 입력 처리 실적평 기능 제공
SFR-MD-002-0111,[필수행정] 단위업무 평가 처리 실적평 기능 제공
SFR-MD-002-0112,[필수행정] 개인실적평 처리 진행 기능 제공
SFR-MD-002-0201,[필수행정] 관리운영직 단위업무 입력 처리 기능 제공
SFR-MD-002-0202,[필수행정] 관리운영직 단위업무 평가 처리 기능 제공
SFR-MD-002-0203,[필수행정] 관리운영직 개인실적평 처리 진행 기능 제공
SFR-MD-002-0301,[필수행정] 감사사항 평가진행현황 실적평 기능 제공
SFR-MD-002-0302,[필수행정] 감사청구 평가진행현황 실적평 기능 제공
SFR-MD-002-0303,[필수행정] 지적사항 평가진행현황 실적평 기능 제공
SFR-MD-002-0304,[필수행정] 우수지적사항 평가진행현황 실적평 기능 제공
SFR-MD-002-0305,[필수행정] 특별가산점 평가진행현황 실적평 기능 제공
SFR-MD-002-0306,[필수행정] 감사외업무 평가진행현황 실적평 기능 제공
SFR-MD-002-0307,[필수행정] 관리운영직등 평가진행현황 실적평 기능 제공
SFR-MD-003-0101,[필수행정] 산출수식 결과산출 이의신청관리 기능 제공
SFR-MD-003-0102,[필수행정] 산출결 결과산출 이의신청관리 기능 제공
SFR-MD-003-0201,[필수행정] 평가결 처리 결과산출 이의신청관리 기능 제공
SFR-MD-003-0202,[필수행정] 관리운영직등 처리 이의신청관리 기능 제공
SFR-MD-004-0101,[필수행정] 부서별 개인별 정보 실적평 조회 기능 제공
SFR-MD-004-0201,[필수행정] 평가결 단위업무 정보 실적평 조회 기능 제공
SFR-MD-004-0202,[필수행정] 평가결 부서별 정보 실적평 조회 기능 제공
SFR-MD-004-0203,[필수행정] 개인별 보정평점 정보 실적평 조회 기능 제공
SFR-MD-004-0204,[필수행정] 평가결 개인별 정보 실적평 조회 기능 제공
SFR-MD-004-0301,[필수행정] 관리운영직 평가결 부서별 정보 조회 기능 제공
SFR-MD-004-0401,[필수행정] 관리운영직 평가결 개인별 정보 조회 기능 제공
SFR-PA-001-0101,[사용자포털] 시스템 공통사항 Non ActiveX 지원 체계 구축
SFR-PA-001-0102,[사용자포털] Bootstrap UI UX 내부 구성
SFR-PA-001-0103,[사용자포털] Mapper 위젯설정 핫스왑 내부 기능 제공
SFR-PA-001-0104,[사용자포털] SHA 256 암호화 내부 기능 제공
SFR-PA-001-0105,[사용자포털] Chr me Safari Edge환경 지원 체계 구축
SFR-PA-001-0106,[사용자포털] 내부 포털 공통사항 특정 수립
SFR-PA-001-0107,[사용자포털] 포틀릿 화면 설정 내부 기능 제공
SFR-PA-001-0108,[사용자포털] 가독성 고려 색상 계열 구성
SFR-PA-001-0109,[사용자포털] 화면 레이아웃 설정 내부 기능 제공
SFR-PA-001-0110,[사용자포털] 보안취약점 보호대책 내부 공통사항 제시
SFR-PA-001-0111,[사용자포털] 멀티사이트 관리자 기능 내부 지원 체계 구축
SFR-PA-001-0112,[사용자포털] 시스템 관리자 페이지 내부 기능 제공
SFR-PA-001-0113,[사용자포털] 위젯별 권한 관리 내부 기능 제공
SFR-PA-001-0114,[사용자포털] 관리 통계 내부 공통사항 기능 제공
SFR-PA-001-0115,[사용자포털] UI 직관적 설정 내부 기능 제공
SFR-PA-001-0116,[사용자포털] 공통코드 관리 내부 공통사항 기능 제공
SFR-PA-001-0117,[사용자포털] 메시지 관리 내부 공통사항 기능 제공
SFR-PA-001-0118,[사용자포털] 다국어 관리 내부 공통사항 기능 제공
SFR-PA-001-0119,[사용자포털] 전자정부프레임워크 내부 공통사항 아키텍쳐 준수 체계 수립
SFR-PA-001-0120,[사용자포털] 크기 맞도록 가변적 화면구성 지원 체계 구축
SFR-PA-001-0201,[사용자포털] EAM SSO 연계 내부 구성
SFR-PA-002-0101,[사용자포털] 환경 프로그램 개발표준 기능 개발
SFR-PA-002-0102,[사용자포털] 개발 환경 공통사항 eclipse 수립
SFR-PA-002-0103,[사용자포털] 형상관리 개발도구 상호 연계 체계 구축
SFR-PA-002-0104,[사용자포털] 개발언어 Java 프로그램 기능 개발
SFR-PA-002-0105,[사용자포털] 테스트 완료 운영서버 배포 체계 구축
SFR-PA-002-0106,[사용자포털] 개발서버 운영서버 One Stop 배포 체계 구축
SFR-PA-003-0101,[사용자포털] 레이아웃 페이지 기능 기본 구성
SFR-PA-003-0102,[사용자포털] 팝업 컨텐츠 정보 안내 기능 제공
SFR-PA-003-0103,[사용자포털] XML 이용 콘텐츠 기본 생성 기능 제공
SFR-PA-003-0104,[사용자포털] 부서별 특성 맞춤형 기본 기능 제공
SFR-PA-003-0105,[사용자포털] 관리 기본정보 기능 제공
SFR-PA-003-0106,[사용자포털] 포털 기본 기능 게시판 수립
SFR-PA-003-0107,[사용자포털] 정보 트리 부서별 기본 조회 기능 제공
SFR-PA-003-0108,[사용자포털] 다양 검색조건 업무메뉴 기본 검색 기능 제공
SFR-PA-003-0109,[사용자포털] 메뉴별 컨텐츠 수정 기본 조회 기능 제공
SFR-PA-003-0110,[사용자포털] 템플릿 화면 다양 기본 적용 방안 수립
SFR-PA-003-0201,[사용자포털] 연동 결재정보 알림 기본 기능 제공
SFR-PA-003-0301,[사용자포털] EP SS CMS 기본 관리체계 수립
SFR-PA-003-0401,[사용자포털] 대상시스템 특정 영역 화면 연계 체계 구축
SFR-PA-003-0501,[사용자포털] pen API 웹서비스 데이터 표준 수립
SFR-PA-003-0601,[사용자포털] XML 이용 콘텐츠 기본 통합 관리체계 구축
SFR-PA-003-0701,[사용자포털] 포털 기본 기능 ActiveX 수립
SFR-PA-003-0801,[사용자포털] 포털 기본 기능 DB지원 수립
SFR-PA-003-0901,[사용자포털] 접근관리 개인별 권한 기본 관리체계 수립
SFR-PA-003-0902,[사용자포털] 포털 기본 기능 권한관리 수립
SFR-PA-003-0903,[사용자포털] 포털 기본 기능 보안정책 수립
SFR-PA-003-0904,[사용자포털] 포털 기본 기능 자동연계 수립
SFR-PA-003-1001,[사용자포털] Drag Drop 개인화 페이지 설정
SFR-PA-003-1002,[사용자포털] 기본 위젯 기능 제공
SFR-PA-003-1003,[사용자포털] 포털 기본 기능 커스터마이징 수립
SFR-PA-003-1101,[사용자포털] 포털 기본 기능 SSO 수립
SFR-PA-003-1102,[사용자포털] 애플리케이션 통합계정관리 기본 기능 제공
SFR-PA-003-1103,[사용자포털] 포털 기본 기능 시스템내 수립
SFR-PA-003-1104,[사용자포털] 알고리즘 이용 암호화 전송 체계 구축
SFR-PA-004-0101,[사용자포털] 역할별 접근권 기능권 권한관리 관리체계 수립
SFR-PA-004-0102,[사용자포털] 비활성 상태 권한관리 설정
SFR-PA-004-0201,[사용자포털] 관리자 페이지 IP 접근 통제 체계 수립
SFR-PA-005-0101,[사용자포털] 조직관리 수정 삭제 등록 기능 제공
SFR-PA-005-0102,[사용자포털] 직책 직급 직무 조직관리 관리체계 수립
SFR-PA-005-0103,[사용자포털] 기본 정보 주소 이미지 관리체계 수립
SFR-PA-005-0104,[사용자포털] 퇴사 휴직 정보 조직관리 관리체계 수립
SFR-PA-005-0105,[사용자포털] 조회 조직관리 검색 기능 제공
SFR-PA-005-0106,[사용자포털] 기본정보 속성정보 담당업무 조직관리 등록 기능 제공
SFR-PA-005-0201,[사용자포털] 정보변경 시스템 자동 조직관리 업데이트 체계 구축
SFR-PA-006-0101,[사용자포털] 게시판 시스템 관리자 삭제하거나 생성 기능 제공
SFR-PA-006-0102,[사용자포털] 기본 게시판 필드 추가할 확장 방안 수립
SFR-PA-006-0103,[사용자포털] 목록 등록 게시판 화면 조회 기능 제공
SFR-PA-006-0104,[사용자포털] 게시판 목록 다양 형태 기능 제공
SFR-PA-006-0105,[사용자포털] 부서 게시판 다양 기본형 기능 제공
SFR-PA-006-0106,[사용자포털] 게시판별 댓글 익명 수립
SFR-PA-006-0107,[사용자포털] 게시판 상태 관리할 기능 수립
SFR-PA-006-0108,[사용자포털] 게시판 코드 관리할 기능 구성
SFR-PA-006-0109,[사용자포털] 디자인 탬플릿 기능 게시판 관리체계 수립
SFR-PA-006-0110,[사용자포털] 게시글 이동 복사 게시판 검색 기능 제공
SFR-PA-006-0111,[사용자포털] 게시글 게시판 입력 미리보기 등록 기능 제공
SFR-PA-006-0112,[사용자포털] 게시기간 게시대상 예약게시 게시판 설정
SFR-PA-006-0113,[사용자포털] 게시물별 권한 게시판 설정
SFR-PA-006-0114,[사용자포털] 시스템 Open API 게시판 기능 제공
SFR-PA-006-0115,[사용자포털] 게시판 첨부파일 갯수 Size 수립
SFR-PA-006-0116,[사용자포털] 위젯 모음 유틸리티 개인화 기능 제공
SFR-PA-006-0117,[사용자포털] 게시판 Drag Drop 첨부파일 수립
SFR-PA-006-0118,[사용자포털] 게시판 사용현황 통계기능 수립
SFR-PA-006-0119,[사용자포털] 최근 게시물 록일 답변 조회 기능 제공
SFR-PA-006-0120,[사용자포털] 게시판 게시물 목록 표시기능 설정
SFR-PA-006-0121,[사용자포털] 현재 게시판 목록 기능 반영 절차 수립
SFR-PA-006-0122,[사용자포털] 공지방법 기간 위치 적용범위 설정
SFR-PA-006-0123,[사용자포털] 속성 기간별 조회할 게시판 기능 제공
SFR-PA-006-0124,[사용자포털] 선택 결재 종료 게시판 기능 제공
SFR-PA-006-0125,[사용자포털] 게시판들 속성정보 관리할 기능 제공
SFR-PA-006-0126,[사용자포털] 게시물 등록 조회할 게시판 기능 제공
SFR-PA-006-0127,[사용자포털] 부서 익명게시판 형태 기능 제공
SFR-PA-006-0128,[사용자포털] 관리할 있도록 게시물 게시판 등록 기능 제공
SFR-PA-006-0129,[사용자포털] 등록 댓글 작성할 게시판 기능 제공
SFR-PA-006-0130,[사용자포털] 댓글 비추천 게시판 기능 제공
SFR-PA-006-0131,[사용자포털] 수정 삭제 조회할 게시판 기능 제공
SFR-PA-006-0132,[사용자포털] 글들 모아 조회할 게시판 기능 제공
SFR-PA-006-0133,[사용자포털] 만족 댓글 작성할 게시판 기능 제공
SFR-PA-006-0201,[사용자포털] 최상위 선택 해당경 이동 기능 제공
SFR-PA-006-0301,[사용자포털] 주기적 노출시키며 관리자 게시판 관리체계 수립
SFR-PA-006-0401,[PMO/QC] 한눈 보여주 화면으로 링크 기능 제공
SFR-PA-006-0501,[PMO/QC] 관리자 통제하 게시할 게시판 기능 제공
SFR-PA-006-0601,[PMO/QC] 공지사항 여부 정보 게시판 기능 제공
SFR-PA-007-0101,[사용자포털] 조직 기본 캘린터 일정관리 기능 제공
SFR-PA-007-0102,[사용자포털] 캘린더 권한설정 관심 일정관리 공유 체계 구축
SFR-PA-007-0103,[사용자포털] 음력 양력 반복설정 연휴설정 생성 기능 제공
SFR-PA-007-0104,[사용자포털] 공통행사 자동 일정관리 등록 기능 제공
SFR-PA-007-0105,[사용자포털] 일정관리 환경설정 음력표시 수립
SFR-PA-007-0106,[사용자포털] 일정관리 코드 관리할 구성
SFR-PA-007-0107,[사용자포털] 상세등록 Drag Drop 일정 등록 기능 제공
SFR-PA-007-0108,[사용자포털] 일정관리 자주 탬플릿 수립
SFR-PA-007-0109,[사용자포털] 일정관리 월별 형태 현황조회 수립
SFR-PA-007-0110,[사용자포털] 시스템 Open API 일정관리 기능 제공
SFR-PA-007-0111,[사용자포털] 위젯 기본 일정관리 기능 제공
SFR-PA-007-0112,[사용자포털] 타사용자 타부서 일정관리 조회 기능 제공
SFR-PA-007-0113,[사용자포털] 일정관리 자체휴일 대체휴일 등록 기능 제공
SFR-PA-007-0114,[사용자포털] 주간별 일별 일정보기 일정관리 기능 제공
SFR-PA-007-0115,[사용자포털] 인사정보 디지털감사 업무 일정관리 연계 체계 구축
SFR-PA-007-0116,[사용자포털] 이용할 기록 일정관리 조회 기능 제공
SFR-PA-008-0101,[사용자포털] 그룹별 자원관리 등록 기능 제공
SFR-PA-008-0102,[사용자포털] 자원관리 관리자 지정 수립
SFR-PA-008-0103,[사용자포털] 자원관리 형태 커스텀 수립
SFR-PA-008-0104,[사용자포털] 자원관리 예약 자원정보 수립
SFR-PA-008-0105,[사용자포털] 자원관리 예약할 수립
SFR-PA-008-0106,[사용자포털] 자원예약 관련자 예약정보 자원관리 조회 기능 제공
SFR-PA-008-0107,[사용자포털] 자원관리 자주 예약정보 탬플릿화 수립
SFR-PA-008-0108,[사용자포털] 자원관리 상세예약 Drag Drop 수립
SFR-PA-008-0109,[사용자포털] 월별 목록 형태 자원관리 조회 기능 제공
SFR-PA-008-0110,[사용자포털] 자원관리 자원예약 대기예약 반납확인 수립
SFR-PA-008-0111,[사용자포털] 자원관리 환경설정 음력표시 날짜형식 수립
SFR-PA-008-0112,[사용자포털] 시스템 Open API 자원관리 기능 제공
SFR-PA-008-0113,[사용자포털] 일정 메신저 SMS 자원관리 연계 체계 구축
SFR-PA-008-0114,[사용자포털] 예약정보 위젯 자원관리 기능 제공
SFR-PA-008-0115,[사용자포털] 감사교육원 숙소 이용시설 공용차량 관리체계 수립
SFR-PA-009-0101,[사용자포털] 직위 직책 부서 설문관리 설정
SFR-PA-009-0102,[사용자포털] 설문기간 직위 직책 부서 설정
SFR-PA-009-0103,[사용자포털] 문항 작성 답변 설문관리 등록 기능 제공
SFR-PA-009-0104,[사용자포털] 설문관리 네비게이션 자동 정렬기능 수립
SFR-PA-009-0105,[사용자포털] 미참여자 설문관리 조회 기능 제공
SFR-PA-009-0106,[사용자포털] 문항 설문관리 복제기능 검색 기능 제공
SFR-PA-009-0107,[사용자포털] 설문관리 보기 예제 설문지 수립
SFR-PA-009-0108,[사용자포털] 설문관리 결과조회 통계기능 수립
SFR-PA-009-0109,[사용자포털] 설문관리 권한설정 등록 기능 제공
SFR-PA-009-0110,[사용자포털] SMS 참여안내 설문관리 알림 기능 제공
SFR-PA-009-0111,[사용자포털] 설문관리 응답 수정기능 수립
SFR-PA-009-0112,[사용자포털] 여러 설문관리 설문조사 분류 체계 구축
SFR-PA-009-0113,[사용자포털] 설문 통계 시각화 그래프 기능 제공
SFR-PA-009-0114,[사용자포털] 응답자관리 질문관리 항목관리 등으 구성
SFR-PA-010-0101,[사용자포털] 수정 템플릿 팝업 동호회 조회 기능 제공
SFR-PA-010-0201,[사용자포털] 사용관리 기능 게시판 동호회 관리체계 수립
SFR-PA-010-0301,[사용자포털] 동호회 관리할 회원관리 기능 제공
SFR-PA-010-0401,[사용자포털] 동호회들 속성정보 관리할 기능 제공
SFR-PA-010-0501,[사용자포털] 기본적 동호회 서비스 자유게시판 기능 제공
SFR-PA-010-0601,[사용자포털] 가입 신청 탈퇴 동호회 기능 제공
SFR-PA-010-0701,[사용자포털] 동호회 비가입 회원 구분 관리체계 수립
SFR-PB-001-0101,[공통기반] 상용SW 국정자원관리원 클라우드존 적합하게 기능 개발
SFR-PC-001-0101,[PMO/QC] 관리자 PC 설치 IAM 관리체계 수립
SFR-PC-001-0102,[PMO/QC] 할당할 있어 동적 프로비저닝 관리체계 수립
SFR-PC-001-0103,[PMO/QC] 사용자정보 계정정보 통합관리 IAM 지원 체계 구축
SFR-PC-001-0104,[PMO/QC] 있어 비동기 작업 IAM 지원 체계 구축
SFR-PC-001-0105,[PMO/QC] 업무시스템 독립적 동작 IAM 구축
SFR-PC-001-0106,[PMO/QC] 관리 조직정보 IAM 기능 제공
SFR-PC-001-0107,[PMO/QC] 비밀번호 단방향 암호화 IAM 전송 체계 구축
SFR-PC-001-0108,[PMO/QC] IAM 정보 미디어 Database 수립
SFR-PC-001-0109,[PMO/QC] IAM 관리자 위임 기능 수립
SFR-PC-001-0110,[PMO/QC] Role 기능 IAM 접근서비스 승인 절차 수립
SFR-PC-001-0111,[PMO/QC] 다양 형태 서비스 IAM 지원 체계 구축
SFR-PC-001-0112,[PMO/QC] 정보 변경 History IAM 관리체계 수립
SFR-PC-001-0113,[PMO/QC] 정보 유연 인터페이스 IAM 기능 제공
SFR-PC-001-0114,[PMO/QC] 역할 정보 관리 IAM 기능 제공
SFR-PC-001-0115,[PMO/QC] 부서별 권한 관리 IAM 기능 제공
SFR-PC-001-0116,[PMO/QC] 상태 기간별 조회할 IAM 기능 제공
SFR-PC-001-0117,[PMO/QC] Blacklist 조합 접근제어 IAM 기능 제공
SFR-PC-001-0201,[PMO/QC] 인사시스템 동기화 복수 HR 지원 체계 구축
SFR-PC-001-0202,[PMO/QC] 속성 기능 지원 IAM 설정
SFR-PC-001-0203,[PMO/QC] 인사시스템 동기화 이력 IAM 지원 체계 구축
SFR-PC-001-0204,[PMO/QC] 오류 로그 재수행 IAM 지원 체계 구축
SFR-PC-001-0301,[PMO/QC] SSO 사업범위 시스템 IAM 지원 체계 구축
SFR-PC-001-0302,[PMO/QC] IAM SAML OAUTH 수립
SFR-PC-001-0303,[PMO/QC] 통합인증 PKI IAM 지원 체계 구축
SFR-PC-001-0304,[PMO/QC] 충족 데이터 기밀 IAM 유지관리 체계 구축
SFR-PC-001-0305,[PMO/QC] 통합인증 IAM 사업추진 과정 적용 방안 수립
SFR-PC-001-0306,[PMO/QC] 통합 SSO 방안 IAM 기능 구현
SFR-PC-001-0307,[PMO/QC] 이용 인증 구현방안 IAM 기능 제공
SFR-PC-002-0101,[PMO/QC] 시스템 계정 Life Cycle 관리체계 수립
SFR-PC-002-0102,[PMO/QC] 회수 De provisioning IAM 지원 체계 구축
SFR-PC-002-0103,[PMO/QC] 권한정보 전달 회수 IAM 지원 체계 구축
SFR-PC-002-0104,[PMO/QC] 통지 리포팅 재수행 IAM 지원 체계 구축
SFR-PC-002-0105,[PMO/QC] 패키지 제품 Adaptor IAM 지원 체계 구축
SFR-PC-002-0106,[PMO/QC] Active Directory 정보 IAM 관리체계 수립
SFR-PC-002-0107,[PMO/QC] 그룹웨어 조직 정보 IAM 관리체계 수립
SFR-PC-002-0201,[PMO/QC] 권한관리 역할별 시스템 IAM 구축
SFR-PC-002-0202,[PMO/QC] 화면별 오픈 IAM 다운로드 조회 기능 제공
SFR-PC-002-0203,[PMO/QC] 변경 발생 실시간 IAM 반영 절차 수립
SFR-PC-002-0204,[PMO/QC] IAM 역할 개인별 업무별 수립
SFR-PC-002-0205,[PMO/QC] 미사용 자동 회수처리 IAM 기능 구현
SFR-PC-002-0206,[PMO/QC] EAM N개 권한 IAM 관리체계 수립
SFR-PC-002-0207,[PMO/QC] 권한 부여 처리 실시간 모니터링 체계 구축
SFR-PC-002-0208,[PMO/QC] IAM 권한 부여 내역 수립
SFR-PC-002-0301,[PMO/QC] 권한신청 포탈 IAM 기능 제공
SFR-PC-002-0401,[PMO/QC] 패스워드 변경 초기화 API 기능 제공
SFR-PC-002-0501,[PMO/QC] IAM GS인증 제품 수립
SFR-PC-003-0101,[PMO/QC] 작업 승인 감사 정보 조회 기능 제공
SFR-PC-003-0102,[PMO/QC] 현황조회 활동 감사기록 중앙 통합 관리체계 구축
SFR-PC-003-0103,[PMO/QC] 불법 계정 기능 IAM 모니터링 체계 구축
SFR-PC-003-0104,[PMO/QC] IAM 미동기 계정정보 수립
SFR-PC-003-0105,[PMO/QC] IAM 동기화 처리 상태 수립
SFR-PC-003-0106,[PMO/QC] 개인별 기간별 조회할 IAM 기능 제공
SFR-PD-001-0101,[전자결재/메신저] 보직 직급 직제 그룹웨어 관리체계 수립
SFR-PD-001-0201,[전자결재/메신저] 그룹웨어 인사발령 발생 인수인계 수립
SFR-PD-001-0301,[전자결재/메신저] 재구축 단순 부서명 변경 생성 기능 제공
SFR-PD-002-0101,[전자결재/메신저] 공공기록물 법률 시행령 그룹웨어 준수 체계 수립
SFR-PD-002-0201,[전자결재/메신저] 서식 변경 생성 자유롭게 구성
SFR-PD-002-0301,[전자결재/메신저] 내부시스템 공문수발신 통합관리 그룹웨어 구축
SFR-PD-002-0401,[전자결재/메신저] 대내문서 그룹웨어 상위부서 하위부서 발송 기능 제공
SFR-PD-002-0501,[전자결재/메신저] 수신처 지정 그룹웨어 조회 기능 제공
SFR-PD-002-0601,[전자결재/메신저] 색상 변경 본문 그룹웨어 작성 체계 수립
SFR-PD-002-0701,[전자결재/메신저] 저장 최근결재선 결재경 관리체계 수립
SFR-PD-002-0801,[전자결재/메신저] 대결 전결 일상감사 출장 교육 프로그램 운영
SFR-PD-002-0901,[전자결재/메신저] 그룹웨어 겸직자 결재경 지정시 수립
SFR-PD-002-1001,[전자결재/메신저] 그룹웨어 기안 지정했던 자동 수립
SFR-PD-002-1101,[전자결재/메신저] 기안문 그룹웨어 문서 작성 체계 수립
SFR-PD-002-1201,[전자결재/메신저] 기안문 서버 임시저장 그룹웨어 지원 체계 구축
SFR-PD-002-1301,[전자결재/메신저] 결재자별 문서수정 다수 첨부 설정
SFR-PD-002-1401,[전자결재/메신저] 그룹웨어 보관 기결문서 수립
SFR-PD-002-1501,[전자결재/메신저] 그룹웨어 문서 재기안 수립
SFR-PD-002-1601,[전자결재/메신저] 문서열람 개인 관리 그룹웨어 생성 기능 제공
SFR-PD-002-1701,[전자결재/메신저] 이전부서 생산 전체문서 그룹웨어 열람 기능 제공
SFR-PD-002-1801,[전자결재/메신저] 결재 받아 문서 그룹웨어 기능 제공
SFR-PD-002-1901,[전자결재/메신저] 대결 조건 단순 선택 기능 제공
SFR-PD-002-2001,[전자결재/메신저] 메신저 그룹웨어 포털 모두 연계 체계 구축
SFR-PD-003-0101,[전자결재/메신저] 직원 조직정보 아래 그룹웨어 구성
SFR-PD-003-0201,[전자결재/메신저] 본인 결재완료 대장관리 문서 열람 기능 제공
SFR-PD-003-0301,[전자결재/메신저] 실국 부서 직원 권한체계 기능 제공
SFR-PD-003-0401,[전자결재/메신저] 공람 문서 열람할 그룹웨어 기능 제공
SFR-PD-003-0501,[전자결재/메신저] 부서 목록정보 그룹웨어 문서 기능 제공
SFR-PD-003-0601,[전자결재/메신저] 기재 기간 문서열람 그룹웨어 기능 제공
SFR-PD-003-0701,[전자결재/메신저] 지정 날짜 결재 완료일 열람 기능 제공
SFR-PD-004-0101,[전자결재/메신저] 결재상신 진행관리 정보 그룹웨어 기능 제공
SFR-PD-004-0201,[전자결재/메신저] 결재처리 진행상태 그룹웨어 조회 기능 제공
SFR-PD-004-0301,[전자결재/메신저] 그룹웨어 결재문서 회수 처리중단 수립
SFR-PD-004-0302,[전자결재/메신저] 중단 결재문서 후속처리 진행 기능 제공
SFR-PD-004-0401,[전자결재/메신저] 그룹웨어 결재문서 도착 경로상 수립
SFR-PD-004-0501,[전자결재/메신저] 그룹웨어 기안문서 최종결재 기안자 수립
SFR-PD-004-0601,[전자결재/메신저] 그룹웨어 첨부자료 이력관리 이전문서 수립
SFR-PD-004-0701,[전자결재/메신저] 그룹웨어 직렬 병렬협조 모든 수립
SFR-PD-004-0801,[전자결재/메신저] 그룹웨어 결재 처리 문서 수립
SFR-PD-004-0901,[전자결재/메신저] 그룹웨어 직인 날인 위치 수립
SFR-PD-004-1001,[전자결재/메신저] 대내 시행문서 그룹웨어 발송 기능 제공
SFR-PD-004-1101,[전자결재/메신저] 대내 문서 그룹웨어 자동발송 발송 기능 제공
SFR-PD-004-1201,[전자결재/메신저] 그룹웨어 대내 문서 담당자 수립
SFR-PD-004-1301,[전자결재/메신저] 그룹웨어 겸직자 결재처리 임직원 수립
SFR-PD-004-1401,[전자결재/메신저] 그룹웨어 문서목록 문서임 수립
SFR-PD-004-1501,[전자결재/메신저] 결재권자 자신 결재선 결재문서 진행 계획 수립
SFR-PD-004-1601,[전자결재/메신저] 전자결재 처리 발송기관 정보 등록 기능 제공
SFR-PD-004-1701,[전자결재/메신저] EDMS 저장 문서 온나 연계 체계 구축
SFR-PD-004-1801,[전자결재/메신저] 온나 대외문서 발송후 그룹웨어 발송 기능 제공
SFR-PD-004-1901,[전자결재/메신저] 그룹웨어 온나라 대외 문서 수립
SFR-PD-004-2001,[전자결재/메신저] 단위업무 편집 그룹웨어 행정정보데이터세트 기능 제공
SFR-PD-004-2101,[전자결재/메신저] 보존기간 행정정보데이터세트 관리기준표 기본 설정
SFR-PD-004-2201,[전자결재/메신저] 결재완료 후에 변경 그룹웨어 기능 제공
SFR-PD-004-2202,[전자결재/메신저] 정보공개법 제9조제1항 다중 그룹웨어 기능 제공
SFR-PD-004-2301,[전자결재/메신저] 그룹웨어 발신명 문서 발신처명 수립
SFR-PD-004-2401,[전자결재/메신저] 결재 그룹웨어 기안문서 진행 계획 수립
SFR-PD-004-2501,[전자결재/메신저] 정보 기록 수정사항 그룹웨어 반영 절차 수립
SFR-PD-005-0101,[전자결재/메신저] 종이문서 접수시 그룹웨어 등록 기능 제공
SFR-PD-005-0102,[전자결재/메신저] 발송기관 정보 그룹웨어 필수항목 등록 기능 제공
SFR-PD-005-0103,[전자결재/메신저] 그룹웨어 결재선 기록물철 지정 수립
SFR-PD-005-0104,[전자결재/메신저] 등록번호 채번 첨부파일 그룹웨어 등록 기능 제공
SFR-PD-005-0105,[전자결재/메신저] 수기문서 등록권 그룹웨어 관리자 설정
SFR-PD-006-0101,[전자결재/메신저] 그룹웨어 문서함 문서검색 검색조건 수립
SFR-PD-006-0201,[전자결재/메신저] 시행문 처리 상태 그룹웨어 확인 절차 수립
SFR-PD-006-0301,[전자결재/메신저] 그룹웨어 부서협조 문서 공람처리 수립
SFR-PD-006-0401,[전자결재/메신저] 유통문서 배부 접수상태 그룹웨어 조회 기능 제공
SFR-PD-006-0501,[전자결재/메신저] 개인 저장 보관함 생성 기능 제공
SFR-PD-006-0601,[전자결재/메신저] 담당자 기안자 결재자 그룹웨어 등록 기능 제공
SFR-PD-006-0701,[전자결재/메신저] 다운로드 하지 않고 그룹웨어 열람 기능 제공
SFR-PD-006-0801,[전자결재/메신저] 이용해 문서 첨부 파일 열람 기능 제공
SFR-PD-006-0901,[전자결재/메신저] 대장 문서목록 검색조건 그룹웨어 조회 기능 제공
SFR-PD-006-1001,[전자결재/메신저] 문서 상세정보 그룹웨어 조회 기능 제공
SFR-PD-006-1101,[전자결재/메신저] 문서 수정 이력 그룹웨어 확인 절차 수립
SFR-PD-007-0101,[전자결재/메신저] 30년 준영구 그룹웨어 설정
SFR-PD-007-0201,[전자결재/메신저] 단위과제 기록물철 그룹웨어 최초생성 설정
SFR-PD-007-0202,[전자결재/메신저] 그룹 선택 기록물철 정보 기능 제공
SFR-PD-007-0301,[전자결재/메신저] 기록물철 업무담당자 기능 그룹웨어 설정
SFR-PD-007-0401,[전자결재/메신저] 편철 확정 기록물 그룹웨어 이관 절차 수립
SFR-PD-007-0501,[전자결재/메신저] 그룹웨어 기록물철 편철 문서 수립
SFR-PD-007-0502,[전자결재/메신저] 그룹웨어 기록물 이관처리 전까지 수립
SFR-PD-007-0503,[전자결재/메신저] 그룹웨어 기록물철 관리자 이관 절차 수립
SFR-PD-007-0601,[전자결재/메신저] 생산현황 통계 단위업무관리 그룹웨어 관리체계 수립
SFR-PD-007-0602,[전자결재/메신저] 그룹웨어 생산부서 문서구분 기록물유형 수립
SFR-PD-007-0701,[전자결재/메신저] 미편철 기록물건 미결재 등록본 검색 기능 제공
SFR-PD-007-0702,[전자결재/메신저] 게시판 메뉴 생산부서 그룹웨어 검색 기능 제공
SFR-PD-007-0801,[전자결재/메신저] 문서구분 생산 접수 그룹웨어 검색 기능 제공
SFR-PD-007-0901,[전자결재/메신저] 자주 기록물철 즐겨찾기 그룹웨어 등록 기능 제공
SFR-PD-007-1001,[전자결재/메신저] 평가폐기연 폐기여부 목록 그룹웨어 검색 기능 제공
SFR-PD-007-1101,[전자결재/메신저] 모든 기록물철 상세정보 그룹웨어 조회 기능 제공
SFR-PD-007-1201,[전자결재/메신저] 관리자 그룹웨어 열람범위 평가폐기연 이관 절차 수립
SFR-PD-007-1301,[전자결재/메신저] 관리자 그룹웨어 기록물철 다운로드 검색 기능 제공
SFR-PD-007-1401,[전자결재/메신저] 그룹웨어 기록물철 표지 양식 수립
SFR-PD-007-1501,[전자결재/메신저] 기록물철 변경이력 기능 그룹웨어 관리체계 수립
SFR-PD-007-1601,[전자결재/메신저] 다음 1월1일 되면 그룹웨어 이관 절차 수립
SFR-PD-007-1701,[전자결재/메신저] 기록관 담당자 부서 기록물철 조회 기능 제공
SFR-PD-007-1801,[전자결재/메신저] 행정정보데이터세트 관리기준표 기능 그룹웨어 관리체계 수립
SFR-PD-007-1802,[전자결재/메신저] 일반사용자 검색 그룹웨어 조회 기능 제공
SFR-PD-007-1803,[전자결재/메신저] 그룹웨어 기록물관리담당자 기준표 기록관리정보 수립
SFR-PD-007-1804,[전자결재/메신저] 정보 결재 기록물철 선택 연계 체계 구축
SFR-PD-007-1901,[전자결재/메신저] 기록물평가심의회 폐기 의결 그룹웨어 관리체계 수립
SFR-PD-007-1902,[전자결재/메신저] 그룹웨어 기록물철 엑셀파일 폐기정보 수립
SFR-PD-007-1903,[전자결재/메신저] 목록 업로드 그룹웨어 검색불 반영 절차 수립
SFR-PD-008-0101,[전자결재/메신저] 유형별 관리 그룹웨어 목록조회 기능 제공
SFR-PD-008-0201,[전자결재/메신저] 권한 종류 분석단계 그룹웨어 검토 절차 수립
SFR-PD-008-0301,[전자결재/메신저] DB조작 없이 관리자 가능토록 기능 구현
SFR-PD-008-0401,[전자결재/메신저] 역할 종류 분석단계 그룹웨어 검토 절차 수립
SFR-PD-008-0501,[전자결재/메신저] 수정할 있도록 도구 그룹웨어 관리체계 수립
SFR-PD-008-0601,[전자결재/메신저] 관리할 있도록 도구 그룹웨어 관리체계 수립
SFR-PD-008-0701,[전자결재/메신저] 그룹웨어 특정 전부서 문서열람 수립
SFR-PD-008-0801,[전자결재/메신저] 일정관리 법정 휴일 그룹웨어 등록 기능 제공
SFR-PD-008-0901,[전자결재/메신저] 그룹웨어 전자결재 양식 기능 수립
SFR-PD-008-1001,[전자결재/메신저] 연계양식 기능 그룹웨어 지원 체계 구축
SFR-PD-008-1101,[전자결재/메신저] 설정 형태 다양 그룹웨어 지원 체계 구축
SFR-PD-009-0101,[전자결재/메신저] 개인 기본정보 그룹웨어 조회 기능 제공
SFR-PD-009-0201,[전자결재/메신저] 겸직 기능 그룹웨어 전환 방안 수립
SFR-PD-009-0301,[전자결재/메신저] 결재관리암호 기능 그룹웨어 설정
SFR-PD-009-0302,[전자결재/메신저] 그룹웨어 결재 로그인 대체하되 수립
SFR-PD-009-0401,[전자결재/메신저] 권한 부서 문서담당자 그룹웨어 조회 기능 제공
SFR-PD-009-0501,[전자결재/메신저] 마이페이지 관리 콘텐츠 그룹웨어 구성
SFR-PD-009-0601,[전자결재/메신저] 개인별 업무별 대시보드 그룹웨어 기능 제공
SFR-PD-010-0101,[전자결재/메신저] 전자성과관리시스템 인사정보 그룹웨어 동기화 연동 기능 제공
SFR-PD-010-0201,[전자결재/메신저] 결재정보 디지털감사 업무실적 그룹웨어 연동 기능 제공
SFR-PE-001-0101,[전자결재/메신저] 메신저 오프라인 회의중 다른용무중 수립
SFR-PE-001-0201,[전자결재/메신저] 메신저 채팅기능 다자간채팅 수립
SFR-PE-001-0202,[전자결재/메신저] 메신저 Drag Drop 파일전송 수립
SFR-PE-001-0203,[전자결재/메신저] 메신저 파일 기능 수립
SFR-PE-001-0204,[전자결재/메신저] 메신저 보낸 대화내용 삭제 수립
SFR-PE-001-0205,[전자결재/메신저] 메신저 대화내용 저장 삭제 수립
SFR-PE-001-0206,[전자결재/메신저] 채팅 대화창 파일전송 메신저 전송 체계 구축
SFR-PE-001-0207,[전자결재/메신저] 메신저 채팅창 투명 조절기능 수립
SFR-PE-001-0301,[전자결재/메신저] 쪽지 발신 파일전송 메신저 발송 기능 제공
SFR-PE-001-0302,[전자결재/메신저] 텍스트 drag 쪽지 메신저 발송 기능 제공
SFR-PE-001-0303,[전자결재/메신저] 수신자 여러명인 개별발송 메신저 기능 제공
SFR-PE-001-0304,[전자결재/메신저] 선택 쪽지 거부 메신저 기능 제공
SFR-PE-001-0401,[전자결재/메신저] 연동 결재정보 기능 메신저 연계 체계 구축
SFR-PE-001-0501,[전자결재/메신저] 부서별 메신저 조직변경관리 연동 기능 제공
SFR-PE-001-0502,[전자결재/메신저] 메신저 개인 부서 조직 수립
SFR-PE-001-0503,[전자결재/메신저] 메신저 개인조직 그룹 친구 수립
SFR-PE-001-0504,[전자결재/메신저] 메신저 선택 사진 기본 수립
SFR-PE-001-0505,[전자결재/메신저] 표준인사정보시스템 메신저 순서 관리자 연계 체계 구축
SFR-PE-001-0506,[전자결재/메신저] 전화번호 전산번호 검색 메신저 기능 제공
SFR-PE-001-0507,[전자결재/메신저] 메신저 수신자 지정 숨은참조 수립
SFR-PE-001-0601,[전자결재/메신저] 환경설정 메신저 사용여부 설정기능 알림 기능 제공
SFR-PE-001-0602,[전자결재/메신저] 메신저 정보 변경 기능 수립
SFR-PE-001-0701,[전자결재/메신저] 기능 On Offline 메신저 설정
SFR-PE-001-0702,[전자결재/메신저] 그룹웨어 등록 메신저 기능 제공
SFR-PE-001-0703,[전자결재/메신저] 휴대전화번호 입력 SMS 메신저 발송 기능 제공
SFR-PE-001-0704,[전자결재/메신저] 메신저 비밀번호 분실 초기화 수립
SFR-PE-001-0705,[전자결재/메신저] 메신저 일반 관리자 원격지원 수립
SFR-PE-001-0801,[전자결재/메신저] 메신저 프로그램 자동 업데이트 체계 구축
SFR-PE-001-0802,[전자결재/메신저] 메신저 메시지 파일 전송 체계 구축
TER-001-0101,[공통기반] 통합테스트 시스템테스트 인수테스트 단위테스트 제시
TER-002-0101,[PMO/QC] 단위시험 다음 점검 결함유형 분석 체계 구축
TER-003-0101,[공통기반] 검증 대내시스템 영역간 대외기관 연계 체계 구축
TER-004-0101,[PMO/QC] 성능 대응방안 마련 품질 구축
TER-005-0101,[PMO/QC] 장애복구 테스트 발생 수립
TER-006-0101,[PMO/QC] 신속 장애 백업환경 백업복구 구축
TER-007-0101,[PMO/QC] 테스트 수행할 있어야 인수복구 준비 절차 수립
TER-008-0101,[PMO/QC] 전산장비 HW SW 사무기기 확보 방안 수립
